round,dest,start_min,start_mean,end_mean,end_max,dur_s,tx_kbit_s,rx_kbit_s,throughput_kbit_s,mean_delay_ms,mean_jitter_ms,packet_loss_pct,delivery_ratio_pct,tx_pkts,rx_pkts,tx_bytes,rx_bytes,start_std,end_std,dur_s_std,tx_kbit_s_std,rx_kbit_s_std,throughput_kbit_s_std,mean_delay_ms_std,mean_jitter_ms_std,packet_loss_pct_std,delivery_ratio_pct_std,tx_pkts_std,rx_pkts_std,tx_bytes_std,rx_bytes_std
1,1.0.0.2,1.0,1.0,6.0,6.0,5.0,4448.612586666667,4289.207146666667,4289.207146666667,23.20325929095965,1.944595572744076,14.098327826174026,85.90167217382597,4661.0,4004.0,2780383.0,2680754.0,0.0,0.0,0.0,1131.167773273639,1160.0236271442639,1160.0236271442639,4.518328362695971,0.3774261987815189,13.61429182075369,13.614291820753692,477.0,933.0,706980.0,725015.0
1,5.0.0.2,1.0,1.0,6.0,6.0,5.0,131693.66176,5721.997333333333,5721.997333333333,9.866848293749632,1.6519758350624645,95.65530810084927,4.344691899150727,78240.0,3399.0,82308539.0,3576248.0,0.0,0.0,0.0,104015.95914748005,816.3480207514674,816.3480207514674,1.7691982611117818,0.6118532317388433,12.287009768928206,12.287009768928204,61797.0,485.0,65009974.0,510218.0
2,1.0.0.2,6.0,6.0,11.0,11.0,5.0,4201.30592,4040.100266666667,4040.100266666667,24.656187425280045,1.997546170487082,14.397718151588121,85.60228184841188,4651.0,3982.0,2625816.0,2525063.0,0.0,0.0,0.0,1660.3963561002877,1699.2708298580214,1699.2708298580214,5.8257082122343915,0.6131905225155205,18.75830275764137,18.75830275764137,643.0,1227.0,1037748.0,1062044.0
2,5.0.0.2,6.0,6.0,11.0,11.0,5.0,52584.061546666664,5246.77248,5246.77248,9.15441376761693,1.4607592045167774,90.02170262074617,9.978297379253831,31240.0,3117.0,32865038.0,3279233.0,0.0,0.0,0.0,33991.18883626707,867.3391481578614,867.3391481578614,1.7957144426640839,0.4900796571983939,14.153286357939471,14.153286357939473,20194.0,515.0,21244493.0,542087.0
3,1.0.0.2,11.0,11.0,15.945073333333333,16.0,4.945071333333333,4376.018950586085,4162.695165705059,4162.695165705059,23.498528642164953,2.0555546248753944,13.147212444646303,86.8527875553537,4697.0,4080.0,2704966.0,2573103.0,0.0,0.21273006526268604,0.21273781122937843,1684.9360953180096,1693.68695751012,1693.68695751012,6.395049073939561,0.5629460969273296,9.602174036394421,9.602174036394421,739.0,914.0,923195.0,920629.0
3,5.0.0.2,11.0,11.0,15.945073333333333,16.0,4.945071333333333,27982.791215549707,4791.328955551298,4791.328955551298,9.015931093798102,1.3926669030524048,82.87758991201395,17.12241008798605,16442.0,2815.0,17297112.0,2961683.0,0.0,0.21273006526268604,0.21273781122937843,23314.869378568117,1068.768161062779,1068.768161062779,1.762398878367075,0.5478133220584754,28.907926488041674,28.907926488041674,12250.0,577.0,12886723.0,607060.0
4,1.0.0.2,15.1761,15.945073333333333,20.945073333333333,21.0,5.0,4473.5554133333335,4318.291413333333,4318.291413333333,21.874954910241122,1.942850456081081,12.76005547850208,87.23994452149792,4614.0,4026.0,2795972.0,2698932.0,0.21273006526268604,0.2127300652626856,0.0,1124.0062327248634,1188.3194657583851,1188.3194657583851,5.323923374148949,0.4315962196555391,12.904712915530768,12.904712915530766,529.0,891.0,702504.0,742700.0
4,5.0.0.2,15.1761,15.945073333333333,20.945073333333333,21.0,5.0,22632.90784,4632.83264,4632.83264,8.585084608584024,1.3377879452841157,79.5304791888743,20.469520811125708,13446.0,2752.0,14145567.0,2895520.0,0.21273006526268604,0.2127300652626856,0.0,20944.56283562625,1091.7101002158906,1091.7101002158906,1.4340486882682224,0.5791357162241811,27.759697070780074,27.759697070780078,12443.0,649.0,13090352.0,682319.0
5,1.0.0.2,20.1761,20.945073333333333,25.945073333333333,26.0,5.0,4667.341333333333,4496.354986666667,4496.354986666667,22.51560126220182,2.046786175738574,10.107070736420031,89.89292926357997,4589.0,4125.0,2917088.0,2810222.0,0.2127300652626856,0.2127300652626856,0.0,975.5055095241256,993.8470751339089,993.8470751339089,4.880734028294554,0.4072553164434181,8.498889186273708,8.498889186273708,635.0,774.0,609691.0,621154.0
5,5.0.0.2,20.1761,20.945073333333333,25.945073333333333,26.0,5.0,15514.906026666667,4370.028693333334,4370.028693333334,8.317526192738292,1.2442065856357847,71.83318626954622,28.166813730453775,9217.0,2596.0,9696816.0,2731268.0,0.2127300652626856,0.2127300652626856,0.0,9620.788662962515,1024.4035058635325,1024.4035058635325,1.5273564390553405,0.6522797945455616,27.553394467006925,27.553394467006925,5716.0,609.0,6012993.0,640252.0
6,1.0.0.2,25.1761,25.945073333333333,30.945073333333333,31.0,5.0,4801.586560000001,4643.0224,4643.0224,24.278675323314086,1.9306156891992132,10.890463121290935,89.10953687870906,4640.0,4134.0,3000992.0,2901889.0,0.2127300652626856,0.2127300652626856,0.0,1186.1763166242004,1230.916773287831,1230.916773287831,6.1480265813704875,0.4673353775069077,11.964250772197396,11.964250772197397,716.0,974.0,741360.0,769323.0
6,5.0.0.2,25.1761,25.945073333333333,30.945073333333333,31.0,5.0,13666.743893333334,4275.146773333333,4275.146773333333,8.27175136748996,1.229752715583086,68.7179781923279,31.2820218076721,8119.0,2540.0,8541715.0,2671967.0,0.2127300652626856,0.2127300652626856,0.0,7737.334350618663,1119.0889978418743,1119.0889978418743,1.5364421162905646,0.6682465019622482,26.802183499758442,26.802183499758442,4597.0,665.0,4835834.0,699431.0
7,1.0.0.2,30.1761,30.945073333333333,35.90931333333333,36.0,4.964238,4960.541859596578,4814.887924390409,4814.887924390409,20.1476796501969,1.8428364059808022,8.989346063923616,91.01065393607638,4762.0,4334.0,3078164.0,2987781.0,0.2127300652626856,0.24541147623260587,0.1385056304270696,1220.6989779253408,1257.62176011289,1257.62176011289,4.270348067189884,0.35821022566298105,8.625374020595622,8.625374020595622,723.0,805.0,670998.0,695873.0
7,5.0.0.2,30.1761,30.945073333333333,35.90931333333333,36.0,4.964238,10063.449818481708,4072.1202058939693,4072.1202058939693,8.120186107349022,1.1437069224300622,59.53233976122823,40.46766023877177,5936.0,2402.0,6244670.0,2526872.0,0.2127300652626856,0.24541147623260587,0.1385056304270696,4764.115865562695,1220.0241256236636,1220.0241256236636,1.343885484153,0.6533790062166354,23.8227082742993,23.8227082742993,2855.0,740.0,3003147.0,778175.0
8,1.0.0.2,35.1761,35.90931333333333,40.90931333333333,41.0,5.0,4820.201493333334,4620.414400000001,4620.414400000001,21.557665424413774,2.0726725347499473,9.684018426126245,90.31598157387376,4530.0,4091.0,3012626.0,2887759.0,0.24541147623260587,0.24541147623260587,0.0,1182.2037733020813,1202.5320828995555,1202.5320828995555,3.895211054835704,0.595868850269044,8.074830466851003,8.074830466851003,788.0,884.0,738877.0,751583.0
8,5.0.0.2,35.1761,35.90931333333333,40.90931333333333,41.0,5.0,8205.667626666667,3940.364373333333,3940.364373333333,7.958664326802598,1.084710585089418,51.9787763586139,48.0212236413861,4875.0,2341.0,5128542.0,2462728.0,0.24541147623260587,0.24541147623260587,0.0,4250.6472448333025,1307.7185572774983,1307.7185572774983,1.1281132008919437,0.6325106014247245,23.865465528291743,23.865465528291743,2525.0,777.0,2656655.0,817324.0
9,1.0.0.2,40.1761,40.90931333333333,45.90931333333333,46.0,5.0,4956.408426666667,4801.316906666666,4801.316906666666,21.702556265344953,1.8523352211207955,5.652073198980774,94.34792680101923,4605.0,4345.0,3097755.0,3000823.0,0.24541147623260587,0.24541147623260587,0.0,1460.8557704615391,1507.5775146951291,1507.5775146951291,6.697461142495572,0.5030421366900731,10.927763973903183,10.927763973903184,833.0,1007.0,913035.0,942236.0
9,5.0.0.2,40.1761,40.90931333333333,45.90931333333333,46.0,5.0,7407.7252266666665,3877.857066666667,3877.857066666667,7.7902864848519915,1.040344345351428,47.648983548944166,52.351016451055834,4401.0,2304.0,4629828.0,2423661.0,0.24541147623260587,0.24541147623260587,0.0,3692.466017056434,1293.9141744745707,1293.9141744745707,0.9903352533840437,0.6509024043517109,22.581332942400195,22.581332942400195,2194.0,769.0,2307791.0,808696.0
10,1.0.0.2,45.1761,45.90931333333333,50.90931333333333,51.0,5.0,5206.299306666667,4991.79296,4991.79296,24.540942020799314,2.013810219613727,10.448527958901403,89.55147204109859,5061.0,4532.0,3253937.0,3119871.0,0.24541147623260587,0.24541147623260587,0.0,1277.2711466267447,1321.2846943396248,1321.2846943396248,6.9329175029262355,0.43514469745241335,11.021390031639132,11.021390031639134,627.0,935.0,798294.0,825803.0
10,5.0.0.2,45.1761,45.90931333333333,50.90931333333333,51.0,5.0,7017.191466666666,3845.4693333333335,3845.4693333333335,7.673369498103297,1.0129720346367086,45.19781239005981,54.80218760994019,4169.0,2285.0,4385745.0,2403418.0,0.24541147623260587,0.24541147623260587,0.0,3569.485733272421,1268.06668476572,1268.06668476572,0.927921460604034,0.6604751760069052,23.182013274940374,23.182013274940374,2120.0,753.0,2230929.0,792542.0
11,1.0.0.2,50.1761,50.90931333333333,55.82248,56.0,4.913166666666667,4587.5409070864,4399.210719495233,4399.210719495233,21.411605273197758,2.0201925473575955,10.631800527735777,89.36819947226422,4497.0,4019.0,2817419.0,2701757.0,0.24541147623260587,0.5062230002676693,0.3363040538956776,1915.8374932909203,1927.7595746430682,1927.7595746430682,8.046697824277864,0.5312929982168838,12.514020794193021,12.514020794193023,798.0,1049.0,942336.0,953904.0
11,5.0.0.2,50.1761,50.90931333333333,55.82248,56.0,4.913166666666667,7030.06272940059,3865.4941619457913,3865.4941619457913,7.685574941802068,1.0008826988774002,45.01388866327707,54.98611133672293,4104.0,2257.0,4317484.0,2373977.0,0.24541147623260587,0.5062230002676693,0.3363040538956776,3569.4856427323407,1268.0664917205768,1268.0664917205768,0.9277815053525728,0.6606213204863031,23.182918886346705,23.182918886346705,2149.0,787.0,2261308.0,828130.0
12,1.0.0.2,54.1611,55.82248,60.74238666666667,61.0,4.919904666666667,5235.61548685835,5049.804081569602,5049.804081569602,24.91726965503742,2.022951536145032,6.863281304780736,93.13671869521926,4754.0,4428.0,3219841.0,3105569.0,0.5062230002676693,0.6115098374009165,0.22710900129568584,1400.7668562970964,1454.705359066752,1454.705359066752,6.132120255460469,0.6319261359616554,7.139936550221371,7.139936550221371,670.0,810.0,689682.0,730903.0
12,5.0.0.2,54.1611,55.82248,60.74238666666667,61.0,4.919904666666667,6712.521502787927,3830.177305603618,3830.177305603618,7.603028654498899,0.9827582400702675,42.94014712628056,57.05985287371944,3924.0,2239.0,4128121.0,2355513.0,0.5062230002676693,0.6115098374009165,0.22710900129568584,3123.490728422053,1257.790337215175,1257.790337215175,0.8418170313927233,0.6638924549006413,22.132583910836363,22.132583910836363,1892.0,775.0,1990152.0,815496.0
13,1.0.0.2,59.1611,60.74238666666667,65.74238666666666,66.0,5.0,4747.490453333333,4611.626133333333,4611.626133333333,23.174030505549933,1.8501551329826948,6.780604748279329,93.21939525172067,4310.0,4018.0,2967182.0,2882266.0,0.6115098374009165,0.6115098374009162,0.0,1247.3283158781605,1232.262184302941,1232.262184302941,7.058218097252376,0.3398043575521487,9.101445955233629,9.101445955233629,932.0,1081.0,779580.0,770164.0
13,5.0.0.2,59.1611,60.74238666666667,65.74238666666666,66.0,5.0,6344.211200000001,3769.4091733333335,3769.4091733333335,7.527672959037867,0.9776780386103834,40.584042308576684,59.415957691423316,3769.0,2239.0,3965132.0,2355881.0,0.6115098374009165,0.6115098374009162,0.0,3218.138041840077,1264.8512352191708,1264.8512352191708,0.820789643110886,0.6762777414703716,23.679695974709052,23.679695974709052,1912.0,751.0,2011336.0,790532.0
14,1.0.0.2,64.1611,65.74238666666666,70.74238666666666,71.0,5.0,4621.356266666667,4448.836586666666,4448.836586666666,21.42478507391835,2.140002645632714,4.95802516878555,95.04197483121445,4137.0,3932.0,2888348.0,2780523.0,0.6115098374009162,0.6115098374009162,0.0,1110.4716613307046,1111.9358895048158,1111.9358895048158,5.803433785326293,0.7260328151792746,5.874743079958444,5.874743079958444,961.0,1022.0,694045.0,694960.0
14,5.0.0.2,64.1611,65.74238666666666,70.74238666666666,71.0,5.0,6344.211200000001,3769.4091733333335,3769.4091733333335,7.527672959037867,0.9776780386103834,40.584042308576684,59.415957691423316,3769.0,2239.0,3965132.0,2355881.0,0.6115098374009162,0.6115098374009162,0.0,3218.138041840077,1264.8512352191708,1264.8512352191708,0.820789643110886,0.6762777414703716,23.679695974709052,23.679695974709052,1912.0,751.0,2011336.0,790532.0
15,1.0.0.2,69.1611,70.74238666666666,75.74238666666666,76.0,5.0,4517.344,4346.05952,4346.05952,20.60084903023294,1.9924861572773833,11.045469241395526,88.95453075860448,4536.0,4035.0,2823340.0,2716287.0,0.6115098374009162,0.6115098374009162,0.0,1448.7206873542227,1476.522413344895,1476.522413344895,4.680426419808145,0.47987041284774645,13.752566388728168,13.752566388728168,769.0,1037.0,905450.0,922827.0
15,5.0.0.2,69.1611,70.74238666666666,75.74238666666666,76.0,5.0,6344.211200000001,3769.4091733333335,3769.4091733333335,7.527672959037867,0.9776780386103834,40.584042308576684,59.415957691423316,3769.0,2239.0,3965132.0,2355881.0,0.6115098374009162,0.6115098374009162,0.0,3218.138041840077,1264.8512352191708,1264.8512352191708,0.820789643110886,0.6762777414703716,23.679695974709052,23.679695974709052,1912.0,751.0,2011336.0,790532.0
16,1.0.0.2,74.1611,75.74238666666666,80.74238666666666,81.0,5.0,4683.26048,4501.847893333334,4501.847893333334,22.727780328683608,2.1177241057287697,7.721706694387966,92.27829330561204,4361.0,4024.0,2927038.0,2813655.0,0.6115098374009162,0.6115098374009162,0.0,848.4009517871027,855.4214631078577,855.4214631078577,5.244616138188989,0.3732883928929099,6.98156375779716,6.98156375779716,588.0,625.0,530251.0,534638.0
16,5.0.0.2,74.1611,75.74238666666666,80.74238666666666,81.0,5.0,6344.211200000001,3769.4091733333335,3769.4091733333335,7.527672959037867,0.9776780386103834,40.584042308576684,59.415957691423316,3769.0,2239.0,3965132.0,2355881.0,0.6115098374009162,0.6115098374009162,0.0,3218.138041840077,1264.8512352191708,1264.8512352191708,0.820789643110886,0.6762777414703716,23.679695974709052,23.679695974709052,1912.0,751.0,2011336.0,790532.0
17,1.0.0.2,79.1611,80.74238666666666,85.74238666666666,86.0,5.0,4873.585173333333,4688.70816,4688.70816,22.814623921488447,1.9400088454461097,5.692588362676317,94.30741163732368,4495.0,4239.0,3045991.0,2930443.0,0.6115098374009162,0.6115098374009162,0.0,1299.59340484313,1252.5481684643148,1252.5481684643148,7.993629108311074,0.3104861306740647,5.969704345800057,5.969704345800056,772.0,914.0,812246.0,782843.0
17,5.0.0.2,79.1611,80.74238666666666,85.74238666666666,86.0,5.0,6041.973546666667,3720.561066666667,3720.561066666667,7.528292280431898,0.9597542509048136,38.422108312903944,61.577891687096056,3590.0,2210.0,3776233.0,2325351.0,0.6115098374009162,0.6115098374009162,0.0,3015.938137868018,1228.751518786862,1228.751518786862,0.786237160889645,0.6716167127474534,22.87916670429536,22.87916670429536,1792.0,730.0,1884961.0,767970.0
18,1.0.0.2,84.1611,85.74238666666666,90.74238666666666,91.0,5.0,4520.7762133333335,4393.696,4393.696,20.36209275362319,1.7885973396770765,7.846947977238099,92.1530520227619,4288.0,3951.0,2825485.0,2746060.0,0.6115098374009162,0.6115098374009162,0.0,1160.644806748228,1166.0408652526621,1166.0408652526621,4.947226434632218,0.47542018242012085,8.069624762065946,8.069624762065946,542.0,738.0,725403.0,728776.0
18,5.0.0.2,84.1611,85.74238666666666,90.74238666666666,91.0,5.0,5625.2688,3651.3920000000003,3651.3920000000003,7.469275747871785,0.93206321899874,35.09205880592847,64.90794119407153,3342.0,2169.0,3515793.0,2282120.0,0.6115098374009162,0.6115098374009162,0.0,2997.908212173869,1248.4249367750115,1248.4249367750115,0.6509063934969743,0.6788028318195274,23.324469914535975,23.324469914535978,1781.0,742.0,1873693.0,780266.0
19,1.0.0.2,89.1611,90.74238666666666,95.74238666666666,96.0,5.0,4683.36416,4491.061653333333,4491.061653333333,25.057433529266483,2.099070747180374,5.824068474670884,94.17593152532912,4299.0,4049.0,2927103.0,2806914.0,0.6115098374009162,0.6115098374009162,0.0,1477.068334414192,1474.936529238945,1474.936529238945,7.113389521264676,0.4356303531643488,4.843970542400998,4.843970542400999,1060.0,1104.0,923168.0,921835.0
19,5.0.0.2,89.1611,90.74238666666666,95.74238666666666,96.0,5.0,5416.58528,3615.2056533333334,3615.2056533333334,7.424603022007014,0.9244667854238445,33.25806384785896,66.74193615214104,3218.0,2148.0,3385366.0,2259504.0,0.6115098374009162,0.6115098374009162,0.0,2876.3583545898955,1246.8566525719202,1246.8566525719202,0.6189846870696128,0.6816386508599769,22.2961016365228,22.296101636522796,1709.0,741.0,1797724.0,779285.0
20,1.0.0.2,94.1611,95.74238666666666,100.74238,101.0,5.0,4551.90624,4404.806293333333,4404.806293333333,21.993035123171353,1.9551185931971893,5.896836334918005,94.103163665082,4305.0,4051.0,2844941.0,2753004.0,0.6115098374009162,0.6115112780177133,0.0,1099.5557267237064,1086.9261592905955,1086.9261592905955,6.922225690738768,0.4147853143781848,6.178996961739027,6.178996961739027,836.0,849.0,687222.0,679329.0
20,5.0.0.2,94.1611,95.74238666666666,100.74238,101.0,5.0,5004.746453333333,3536.4724266666663,3536.4724266666663,7.3929346723782325,0.9200523701729336,29.340149324006187,70.65985067599381,2973.0,2101.0,3127967.0,2210295.0,0.6115098374009162,0.6115112780177133,0.0,2055.923759620505,1195.6557458611662,1195.6557458611662,0.6046621783568392,0.683526687764149,20.634509740907014,20.634509740907014,1221.0,710.0,1284952.0,747285.0
21,1.0.0.2,99.1611,100.74238,105.7424,106.0,5.0,4568.174186666667,4379.146026666666,4379.146026666666,21.94258438429095,2.1184609444790157,11.028405333497378,88.97159466650263,4335.0,3857.0,2855109.0,2736966.0,0.6115112780177133,0.6114649622014336,0.0,1409.945034820066,1392.27750527573,1392.27750527573,5.237445316164124,0.5965196440360975,10.216954070424832,10.216954070424832,938.0,1106.0,881216.0,870173.0
21,5.0.0.2,99.1611,100.74238,105.7424,106.0,5.0,5004.746453333333,3536.4724266666663,3536.4724266666663,7.3929346723782325,0.9200523701729336,29.340149324006187,70.65985067599381,2973.0,2101.0,3127967.0,2210295.0,0.6115112780177133,0.6114649622014336,0.0,2055.923759620505,1195.6557458611662,1195.6557458611662,0.6046621783568392,0.683526687764149,20.634509740907014,20.634509740907014,1221.0,710.0,1284952.0,747285.0
22,1.0.0.2,104.161,105.7424,110.69233333333334,111.0,4.949904666666667,4666.220723173524,4514.564738418531,4514.564738418531,22.226689976153413,1.9117763036134203,4.395047655235743,95.60495234476426,4211.0,4026.0,2887168.0,2793333.0,0.6114649622014336,0.619558444915948,0.19401839172270932,1442.1798757956171,1463.2514108177531,1463.2514108177531,7.407245866318683,0.4383456037431566,4.784258489594294,4.784258489594296,1009.0,1039.0,774148.0,785476.0
22,5.0.0.2,104.161,105.7424,110.69233333333334,111.0,4.949904666666667,4898.5144899086945,3524.5955039942182,3524.5955039942182,7.392734658626789,0.9228585345875543,28.049147326283638,71.95085267371635,2881.0,2073.0,3030897.0,2180801.0,0.6114649622014336,0.619558444915948,0.19401839172270932,2080.35913179167,1202.7555010377425,1202.7555010377425,0.6045119377276499,0.6838269240001763,20.344005302101106,20.344005302101106,1247.0,731.0,1311438.0,768883.0
23,1.0.0.2,109.161,110.69233333333334,115.69233333333334,116.0,5.0,4702.500693333333,4549.04224,4549.04224,25.200586619647858,1.8453538373682805,7.101810690664642,92.89818930933535,4304.0,3998.0,2939063.0,2843151.0,0.619558444915948,0.619558444915948,0.0,975.3209624447823,964.7017635123368,964.7017635123368,7.952383217220093,0.44503666985670176,8.954015315845233,8.954015315845233,774.0,826.0,609576.0,602939.0
23,5.0.0.2,109.161,110.69233333333334,115.69233333333334,116.0,5.0,4836.16384,3500.7499733333334,3500.7499733333334,7.391276314389204,0.9215460204506843,27.615489918559597,72.38451008144041,2873.0,2080.0,3022602.0,2187969.0,0.619558444915948,0.619558444915948,0.0,2127.322286228006,1209.1125520770959,1209.1125520770959,0.6045396260256544,0.6840341526551629,21.158535680163347,21.158535680163347,1264.0,718.0,1329576.0,755695.0
24,1.0.0.2,114.161,115.69233333333334,120.69233333333334,121.0,5.0,4421.509226666666,4274.109333333334,4274.109333333334,22.319039017759735,2.037951362294994,6.349658314350798,93.65034168564921,3980.0,3728.0,2763443.0,2671318.0,0.619558444915948,0.619558444915948,0.0,1115.7871215243215,1131.9789775118381,1131.9789775118381,6.066877043680946,0.5532280527181225,8.295370932451831,8.29537093245183,731.0,789.0,697367.0,707487.0
24,5.0.0.2,114.161,115.69233333333334,120.69233333333334,121.0,5.0,4836.16384,3500.7499733333334,3500.7499733333334,7.391276314389204,0.9215460204506843,27.615489918559597,72.38451008144041,2873.0,2080.0,3022602.0,2187969.0,0.619558444915948,0.619558444915948,0.0,2127.322286228006,1209.1125520770959,1209.1125520770959,0.6045396260256544,0.6840341526551629,21.158535680163347,21.158535680163347,1264.0,718.0,1329576.0,755695.0
25,1.0.0.2,119.161,120.69233333333334,125.65146666666666,126.0,4.959137999999999,4582.4474602911505,4405.893873760589,4405.893873760589,22.027742523986277,2.0159117336648227,8.520725222627972,91.47927477737203,4162.0,3808.0,2840624.0,2731179.0,0.619558444915948,0.6180300347147579,0.15825784549272756,1607.0023157296969,1607.7610805203924,1607.7610805203924,5.518734943117033,0.3160571222964066,13.220948340881199,13.220948340881199,980.0,1186.0,914587.0,914937.0
25,5.0.0.2,119.161,120.69233333333334,125.65146666666666,126.0,4.959137999999999,4809.119326786228,3486.47322713477,3486.47322713477,7.401454712315431,0.9084283562875224,27.506057825769872,72.49394217423013,2834.0,2054.0,2981136.0,2161238.0,0.619558444915948,0.6180300347147579,0.15825784549272756,2083.19042074788,1203.6912183662414,1203.6912183662414,0.6043315374598379,0.6844297248849063,21.030456173732823,21.030456173732823,1242.0,703.0,1307065.0,739731.0
26,1.0.0.2,124.161,125.65146666666666,130.59853333333334,131.0,4.947066666666667,4393.579063687573,4243.831819529418,4243.831819529418,20.003602073075,1.9003662509812318,8.441685723619733,91.55831427638027,4081.0,3737.0,2716916.0,2624315.0,0.6180300347147579,0.7700984971015719,0.2050099184592458,1575.9355248576016,1591.851329622732,1591.851329622732,4.378466669835131,0.35509503560247613,10.164912833748714,10.164912833748714,1005.0,1040.0,850749.0,856965.0
26,5.0.0.2,124.161,125.65146666666666,130.59853333333334,131.0,4.947066666666667,4489.88588523839,3426.752984933833,3426.752984933833,7.393725359436023,0.9196702276428146,23.68274816872948,76.31725183127053,2639.0,2014.0,2776471.0,2119047.0,0.6180300347147579,0.7700984971015719,0.2050099184592458,1960.0899504176325,1183.933077699058,1183.933077699058,0.6045801073527532,0.6881114539919075,20.7368743665922,20.7368743665922,1136.0,717.0,1194796.0,754558.0
27,1.0.0.2,128.367,130.59853333333334,135.54366666666667,136.0,4.9451046666666665,4555.203240052755,4350.363355976153,4350.363355976153,23.567918515841253,2.1034128743454574,6.119239936440678,93.88076006355932,4028.0,3781.0,2815745.0,2689125.0,0.7700984971015719,0.7687691151320772,0.2126087117845049,1759.554663357372,1730.124839096334,1730.124839096334,6.24251542033681,0.6574893809969934,7.0895730553655545,7.089573055365554,1048.0,1148.0,967992.0,953989.0
27,5.0.0.2,128.367,130.59853333333334,135.54366666666667,136.0,4.9451046666666665,4527.577697378027,3425.754197046318,3425.754197046318,7.386661485443646,0.9311669157420595,24.33969829098381,75.66030170901618,2660.0,2013.0,2798668.0,2117589.0,0.7700984971015719,0.7687691151320772,0.2126087117845049,1960.0904225823533,1183.9330574827409,1183.9330574827409,0.6046846005323373,0.688018661733324,20.734898348154722,20.734898348154722,1183.0,717.0,1245026.0,754024.0
28,1.0.0.2,133.367,135.54366666666667,140.52586666666667,141.0,4.982200000000001,5123.81421861828,4975.514752518967,4975.514752518967,21.86932685424044,1.8893868221948054,5.770537345432035,94.22946265456797,4416.0,4161.0,3190983.0,3098626.0,0.7687691151320772,0.8006619463799663,0.0689391035624921,1352.0140442688048,1323.4407049332306,1323.4407049332306,3.679424612910996,0.4085808308989731,5.408159613302526,5.408159613302524,964.0,1014.0,814649.0,796486.0
28,5.0.0.2,133.367,135.54366666666667,140.52586666666667,141.0,4.982200000000001,4515.67976663589,3422.046485488338,3422.046485488338,7.3914140828012895,0.9247453053379846,24.222549190752886,75.77745080924711,2673.0,2026.0,2812252.0,2131165.0,0.7687691151320772,0.8006619463799663,0.0689391035624921,1960.0903095935964,1183.932974806337,1183.932974806337,0.6041473982453841,0.6882641241507161,20.735643588465507,20.735643588465503,1170.0,708.0,1231268.0,744505.0
29,1.0.0.2,138.367,140.52586666666667,145.52586666666667,146.0,5.0,4434.084266666667,4301.50528,4301.50528,24.47700439948619,1.8103961519660317,5.847177195840962,94.15282280415904,3969.0,3737.0,2771303.0,2688441.0,0.8006619463799663,0.8006619463799663,0.0,992.7229444717241,996.2870879126954,996.2870879126954,6.5400986711065405,0.3528003358126573,5.791036236459472,5.791036236459471,743.0,792.0,620452.0,622679.0
29,5.0.0.2,138.367,140.52586666666667,145.52586666666667,146.0,5.0,4508.93216,3419.1909333333333,3419.1909333333333,7.387817074499507,0.9286423163111257,24.17191349575691,75.82808650424309,2679.0,2031.0,2818083.0,2136994.0,0.8006619463799663,0.8006619463799663,0.0,1960.0903723194153,1183.9329827123897,1183.9329827123897,0.6046431017172739,0.6880312729067729,20.735643588465507,20.735643588465503,1164.0,703.0,1225056.0,739958.0
30,1.0.0.2,143.367,145.52586666666667,150.32966666666667,151.0,4.803771333333333,5224.681885357574,5104.235741445922,5104.235741445922,25.041928763057157,1.8244875979692468,5.3459022937329195,94.65409770626708,4342.0,4110.0,3137272.0,3064948.0,0.8006619463799663,0.907675340531804,0.5172843215550484,2379.796876033704,2386.0820926735228,2386.0820926735228,5.656675806614948,0.3445880436211719,11.124932530911826,11.124932530911826,1201.0,1403.0,1103057.0,1103326.0
30,5.0.0.2,143.367,145.52586666666667,150.32966666666667,151.0,4.803771333333333,4611.955634302328,3494.843121175488,3494.843121175488,7.387413162221776,0.9366621663658846,24.223162053334008,75.77683794666599,2632.0,1995.0,2769348.0,2098553.0,0.8006619463799663,0.907675340531804,0.5172843215550484,1960.0904871426847,1183.9328876810814,1183.9328876810814,0.6044911932936027,0.6879956334956397,20.747281674287134,20.747281674287134,1208.0,753.0,1271056.0,792269.0
31,1.0.0.2,148.367,150.32966666666667,155.32966666666667,156.0,5.0,5141.923946666666,5015.273279999999,5015.273279999999,23.81395022290095,1.8555552803615778,3.111689010447025,96.88831098955298,4461.0,4322.0,3213702.0,3134546.0,0.907675340531804,0.907675340531804,0.0,1202.1628956078584,1184.047561146853,1184.047561146853,6.08794572245218,0.33994544520302916,4.237031435943513,4.237031435943514,981.0,978.0,751352.0,740030.0
31,5.0.0.2,148.367,150.32966666666667,155.32966666666667,156.0,5.0,4405.7344,3387.333866666667,3387.333866666667,7.382631571589478,0.929393988405221,23.11845758092861,76.8815424190714,2618.0,2012.0,2753584.0,2117084.0,0.907675340531804,0.907675340531804,0.0,1874.9873127331216,1181.4973330251614,1181.4973330251614,0.603156133385836,0.6885505992589692,20.1533848909911,20.153384890991102,1114.0,702.0,1171867.0,738436.0
32,1.0.0.2,153.367,155.32966666666667,160.3082,161.0,4.978530666666667,4633.5058965188655,4512.396107231639,4512.396107231639,21.09626039543103,1.85576348716898,6.265603994622623,93.73439600537738,4166.0,3905.0,2883506.0,2808138.0,0.907675340531804,0.9100271738485946,0.08315037045417588,1439.2432526534715,1463.2234874491132,1463.2234874491132,6.367176851620311,0.5455892816134025,8.599512397481925,8.599512397481924,985.0,1113.0,858874.0,874113.0
32,5.0.0.2,153.367,155.32966666666667,160.3082,161.0,4.978530666666667,4242.5285318452725,3333.04691236879,3333.04691236879,7.37972885443787,0.9230836148774302,21.441283502005472,78.55871649799452,2510.0,1972.0,2640195.0,2074210.0,0.907675340531804,0.9100271738485946,0.08315037045417588,1909.3906326213491,1203.320587199454,1203.320587199454,0.6008473630806349,0.6899537134536118,19.56565925213001,19.56565925213001,1133.0,706.0,1191438.0,742590.0
33,1.0.0.2,158.367,160.3082,165.3082,166.0,5.0,4585.081706666667,4442.007466666667,4442.007466666667,22.522111711092002,1.837196370421324,6.303374045309529,93.69662595469048,4137.0,3877.0,2865676.0,2776255.0,0.9100271738485946,0.9100271738485946,0.0,1689.8824862060128,1674.2926098852624,1674.2926098852624,6.380669015512699,0.5541759745501165,8.232077606324863,8.232077606324866,1295.0,1305.0,1056177.0,1046433.0
33,5.0.0.2,158.367,160.3082,165.3082,166.0,5.0,4166.6938666666665,3312.5733333333333,3312.5733333333333,7.321050195799457,0.9165300494579945,20.501979371448577,79.49802062855143,2476.0,1968.0,2604184.0,2070358.0,0.9100271738485946,0.9100271738485946,0.0,1715.9392339613407,1167.0691730876297,1167.0691730876297,0.5288692224368443,0.6890974446635112,19.22247096965622,19.22247096965622,1019.0,693.0,1072462.0,729418.0
34,1.0.0.2,163.367,165.3082,170.3082,171.0,5.0,4434.18464,4304.601706666667,4304.601706666667,19.04155233106714,1.8496952476366442,2.960938587940398,97.0390614120596,3830.0,3716.0,2771365.0,2690376.0,0.9100271738485946,0.9100271738485946,0.0,1266.910206321928,1219.071925224463,1219.071925224463,4.128268859565368,0.3388330440216131,3.563939261931619,3.56393926193162,963.0,948.0,791819.0,761920.0
34,5.0.0.2,163.367,165.3082,170.3082,171.0,5.0,4045.275093333333,3273.5762133333333,3273.5762133333333,7.236368947621006,0.8941352141779789,19.081301489556463,80.91869851044353,2403.0,1945.0,2528297.0,2045985.0,0.9100271738485946,0.9100271738485946,0.0,1486.5920530616324,1124.7384751376408,1124.7384751376408,0.4447749257417411,0.6926597936973993,18.586996629480183,18.58699662948018,883.0,668.0,929120.0,702962.0
35,1.0.0.2,168.367,170.3082,175.3082,176.0,5.0,4942.065066666667,4808.31456,4808.31456,23.680860481177653,1.767153044324114,2.6836848997365226,97.31631510026348,4226.0,4112.0,3088791.0,3005197.0,0.9100271738485946,0.9100271738485946,0.0,1403.8688391433777,1388.2589421922519,1388.2589421922519,6.537691873443963,0.2440306519915655,2.9154096601437307,2.915409660143731,1070.0,1039.0,877418.0,867662.0
35,5.0.0.2,168.367,170.3082,175.3082,176.0,5.0,3953.316053333334,3241.9786666666664,3241.9786666666664,7.2438137184590365,0.8837256757467724,17.997842870118074,82.00215712988192,2349.0,1926.0,2470823.0,2026237.0,0.9100271738485946,0.9100271738485946,0.0,1376.4733001737104,1148.0446817749873,1148.0446817749873,0.44089856326435367,0.6933101642034255,18.19855881744233,18.19855881744233,818.0,682.0,860296.0,717528.0
36,1.0.0.2,173.367,175.3082,180.3082,181.0,5.0,4158.15296,4041.4580266666667,4041.4580266666667,22.11401856046354,1.7974883535254722,6.117979512539739,93.88202048746027,3775.0,3544.0,2598846.0,2525911.0,0.9100271738485946,0.9100271738485946,0.0,997.7438968448171,1004.3407331653534,1004.3407331653534,4.64957707858621,0.4789533003102654,7.1517924933194745,7.151792493319476,889.0,869.0,623590.0,627713.0
36,5.0.0.2,173.367,175.3082,180.3082,181.0,5.0,3782.3096533333332,3183.219946666667,3183.219946666667,7.258422703140973,0.8637934084675856,15.84490328705352,84.15509671294649,2247.0,1891.0,2363944.0,1989512.0,0.9100271738485946,0.9100271738485946,0.0,1408.1630060649156,1223.171151485336,1223.171151485336,0.42860331444733135,0.6958786652414752,16.504288894046653,16.504288894046653,837.0,727.0,880102.0,764482.0
37,1.0.0.2,178.367,180.3082,185.3082,186.0,5.0,4239.5611733333335,4087.072853333333,4087.072853333333,18.487848119814476,1.9064077973649687,6.286040833290041,93.71395916670996,3850.0,3608.0,2649726.0,2554421.0,0.9100271738485946,0.9100271738485946,0.0,761.5369839071276,735.3889037467357,735.3889037467357,4.428228957688874,0.4327485758794756,6.596542855173749,6.59654285517375,742.0,693.0,475961.0,459618.0
37,5.0.0.2,178.367,180.3082,185.3082,186.0,5.0,3702.994346666667,3154.2977066666667,3154.2977066666667,7.253020275356647,0.8634852906898146,14.823793218387321,85.17620678161268,2200.0,1874.0,2314371.0,1971436.0,0.9100271738485946,0.9100271738485946,0.0,1302.785819235019,1203.354919994363,1203.354919994363,0.4269857781316218,0.6967302451851655,16.052231902931027,16.052231902931023,774.0,715.0,814241.0,752097.0
38,1.0.0.2,183.367,185.3082,190.094,191.0,4.785833333333333,5262.339432352429,5157.440390040048,5157.440390040048,22.966947981138105,1.819459257512788,1.9973368841544608,98.00266311584554,4256.0,4171.0,3148085.0,3085331.0,0.9100271738485946,1.1869425909814326,0.4450832526564419,2172.2493527542606,2162.3686324403593,2162.3686324403593,5.890061132943319,0.29040620459887523,3.241888012187317,3.241888012187317,1210.0,1233.0,956441.0,950346.0
38,5.0.0.2,183.367,185.3082,190.094,191.0,4.785833333333333,3474.6673167334147,3110.646839630855,3110.646839630855,7.242468388421965,0.8635700441714093,10.482456140350877,89.51754385964912,1976.0,1769.0,2078647.0,1860880.0,0.9100271738485946,1.1869425909814326,0.4450832526564419,1329.6123909892458,1260.995999080614,1260.995999080614,0.42438315328081927,0.6999212352705396,13.56157753335565,13.56157753335565,842.0,794.0,885815.0,835325.0
39,1.0.0.2,187.361,190.094,195.094,196.0,5.0,5065.178773333333,4919.692693333333,4919.692693333333,21.824410720727666,1.764740178308795,2.382313989886829,97.61768601011318,4430.0,4324.0,3165737.0,3074808.0,1.1869425909814326,1.1869425909814326,0.0,1403.3940397566175,1345.507451597891,1345.507451597891,5.572645127875817,0.3570195501766708,2.866685666284248,2.866685666284248,1221.0,1201.0,877121.0,840942.0
39,5.0.0.2,187.361,190.094,195.094,196.0,5.0,3370.2107733333332,3031.6371200000003,3031.6371200000003,7.243703782203139,0.8666896989561741,10.051606459131014,89.94839354086899,2002.0,1801.0,2106382.0,1894773.0,1.1869425909814326,1.1869425909814326,0.0,1394.0743070860747,1284.557968143476,1284.557968143476,0.424498564588969,0.7006585283061384,13.394181310916986,13.394181310916986,828.0,763.0,871296.0,802849.0
40,1.0.0.2,192.361,195.094,200.094,201.0,5.0,4283.81248,4149.68704,4149.68704,20.66524273396803,1.9101652890246092,4.612590384154073,95.38740961584593,3891.0,3711.0,2677383.0,2593554.0,1.1869425909814326,1.1869425909814326,0.0,1716.9508191305536,1733.9781145883792,1733.9781145883792,5.325760313285929,0.4454946634996503,7.740115882183822,7.740115882183821,1256.0,1319.0,1073094.0,1083736.0
40,5.0.0.2,192.361,195.094,200.094,201.0,5.0,3370.2107733333332,3031.6371200000003,3031.6371200000003,7.243703782203139,0.8666896989561741,10.051606459131014,89.94839354086899,2002.0,1801.0,2106382.0,1894773.0,1.1869425909814326,1.1869425909814326,0.0,1394.0743070860747,1284.557968143476,1284.557968143476,0.424498564588969,0.7006585283061384,13.394181310916986,13.394181310916986,828.0,763.0,871296.0,802849.0
41,1.0.0.2,197.361,200.094,205.094,206.0,5.0,4880.711893333333,4767.87232,4767.87232,22.9948034005356,1.9444531756859178,3.056576047024247,96.94342395297575,4083.0,3958.0,3050445.0,2979920.0,1.1869425909814326,1.1869425909814326,0.0,961.7431988500343,962.1506922774824,962.1506922774824,6.052916625065969,0.40882103995106056,4.111454211960168,4.111454211960169,777.0,785.0,601089.0,601344.0
41,5.0.0.2,197.361,200.094,205.094,206.0,5.0,3355.3970133333337,3025.640426666667,3025.640426666667,7.243027654105779,0.8671528267932646,9.835133598635588,90.1648664013644,1994.0,1797.0,2097123.0,1891025.0,1.1869425909814326,1.1869425909814326,0.0,1372.540999903446,1277.0368387967378,1277.0368387967378,0.4246103755825814,0.7006598525760929,13.348006670775309,13.348006670775304,815.0,759.0,857838.0,798148.0
42,1.0.0.2,202.361,205.094,210.094,211.0,5.0,4989.121066666667,4834.554026666667,4834.554026666667,22.354147134533726,1.8952862380262683,2.98278670200875,97.01721329799125,4175.0,4051.0,3118201.0,3021596.0,1.1869425909814326,1.1869425909814326,0.0,1072.005711990525,1057.5039609272444,1057.5039609272444,6.462673948901455,0.4036145735133717,4.036780417575126,4.036780417575125,834.0,873.0,670004.0,660940.0
42,5.0.0.2,202.361,205.094,210.094,211.0,5.0,3333.1194666666665,3016.6225066666666,3016.6225066666666,7.2416793612826424,0.8677900518934604,9.500403985995153,90.49959601400485,1980.0,1792.0,2083200.0,1885389.0,1.1869425909814326,1.1869425909814326,0.0,1344.1253389692552,1266.4444160869411,1266.4444160869411,0.4245281065651713,0.7006755390328542,13.311991399074113,13.31199139907411,798.0,752.0,840078.0,791528.0
43,1.0.0.2,207.361,210.094,215.094,216.0,5.0,4655.59392,4576.28704,4576.28704,24.837210404844836,1.7277529725377627,3.174253465749246,96.82574653425075,3934.0,3809.0,2909746.0,2860179.0,1.1869425909814326,1.1869425909814326,0.0,1657.8335127660914,1651.6045127335003,1651.6045127335003,7.830542949157363,0.4040077745975171,5.490232179846167,5.490232179846165,1350.0,1362.0,1036146.0,1032253.0
43,5.0.0.2,207.361,210.094,215.094,216.0,5.0,3333.1194666666665,3016.6225066666666,3016.6225066666666,7.2416793612826424,0.8677900518934604,9.500403985995153,90.49959601400485,1980.0,1792.0,2083200.0,1885389.0,1.1869425909814326,1.1869425909814326,0.0,1344.1253389692552,1266.4444160869411,1266.4444160869411,0.4245281065651713,0.7006755390328542,13.311991399074113,13.31199139907411,798.0,752.0,840078.0,791528.0
44,1.0.0.2,212.361,215.094,220.094,221.0,5.0,4197.7056,4077.1443200000003,4077.1443200000003,19.61824970685841,1.8797257531342184,6.531104601068413,93.4688953989316,3869.0,3616.0,2623566.0,2548215.0,1.1869425909814326,1.1869425909814326,0.0,1235.7303919663289,1225.7438101967284,1225.7438101967284,5.129543886972891,0.51402232092261,6.591213810001498,6.591213810001498,1187.0,1169.0,772331.0,766090.0
44,5.0.0.2,212.361,215.094,220.094,221.0,5.0,3333.1194666666665,3016.6225066666666,3016.6225066666666,7.2416793612826424,0.8677900518934604,9.500403985995153,90.49959601400485,1980.0,1792.0,2083200.0,1885389.0,1.1869425909814326,1.1869425909814326,0.0,1344.1253389692552,1266.4444160869411,1266.4444160869411,0.4245281065651713,0.7006755390328542,13.311991399074113,13.31199139907411,798.0,752.0,840078.0,791528.0
45,1.0.0.2,217.361,220.094,225.094,226.0,5.0,4417.368213333333,4270.861013333333,4270.861013333333,24.334888873471353,1.9155535148285876,3.5044810226014924,96.4955189773985,3734.0,3603.0,2760855.0,2669288.0,1.1869425909814326,1.1869425909814326,0.0,866.2416553541347,814.5579178114906,814.5579178114906,6.115690026107322,0.4500835011364426,4.178917436811518,4.17891743681152,728.0,703.0,541401.0,509099.0
45,5.0.0.2,217.361,220.094,225.094,226.0,5.0,3294.0914133333335,2999.2558933333335,2999.2558933333335,7.2392161855052946,0.8690764068170763,8.95557977926148,91.04442022073852,1957.0,1782.0,2058807.0,1874535.0,1.1869425909814326,1.1869425909814326,0.0,1341.3142044942372,1272.5919508579418,1272.5919508579418,0.4238016967369796,0.7015458482171321,12.861789176763484,12.861789176763484,797.0,756.0,838321.0,795370.0
46,1.0.0.2,222.361,225.094,230.094,231.0,5.0,4172.526506666667,4029.0002133333332,4029.0002133333332,22.582995723268102,1.9677773682937718,4.63383479988646,95.36616520011354,3758.0,3584.0,2607829.0,2518125.0,1.1869425909814326,1.1869425909814326,0.0,1321.4782735909182,1311.652486429018,1311.652486429018,7.05317468190912,0.3213474054367833,5.555757533977818,5.555757533977817,938.0,987.0,825924.0,819783.0
46,5.0.0.2,222.361,225.094,230.094,231.0,5.0,3215.6714666666667,2964.3606400000003,2964.3606400000003,7.2340571074348885,0.8716756907177468,7.820078863802911,92.1799211361971,1910.0,1761.0,2009795.0,1852725.0,1.1869425909814326,1.1869425909814326,0.0,1386.4015086867619,1295.4570216858497,1295.4570216858497,0.4224468287928586,0.7042281161174642,12.53630377921678,12.536303779216778,824.0,770.0,866501.0,809661.0
47,1.0.0.2,227.361,230.094,235.0557333333333,236.0,4.9617640000000005,4654.19669295033,4542.921428749936,4542.921428749936,25.080609677244134,1.720819367279354,3.0838725015708053,96.91612749842919,3926.0,3805.0,2886628.0,2817613.0,1.1869425909814326,1.230125107845696,0.1480873912255869,1794.9450726640223,1788.9039297127194,1788.9039297127194,6.204993826114653,0.30490011615515755,16.336963154067544,16.33696315406754,1292.0,1346.0,1044082.0,1040021.0
47,5.0.0.2,227.361,230.094,235.0557333333333,236.0,4.9617640000000005,3220.259568975872,2967.0150105217954,2967.0150105217954,7.241550977245875,0.8615407708960628,7.869232389915022,92.13076761008497,1899.0,1749.0,1997271.0,1840204.0,1.1869425909814326,1.230125107845696,0.1480873912255869,1386.4014579557274,1295.4569809053019,1295.4569809053019,0.42212231027895,0.70439167417247,12.53630377921678,12.536303779216778,830.0,774.0,873592.0,814665.0
48,1.0.0.2,232.361,235.0557333333333,240.0188,241.0,4.963033333333333,5185.0128214599945,5045.26441490755,5045.26441490755,25.419263061469454,1.8859825366416072,3.384502700888089,96.61549729911191,4369.0,4221.0,3216674.0,3129977.0,1.230125107845696,1.2392677676757373,0.1431712843648009,1538.7663310082141,1534.0037128283539,1534.0037128283539,7.538125226366364,0.34888199315746266,4.5011219048795725,4.501121904879573,1137.0,1117.0,898940.0,895239.0
48,5.0.0.2,232.361,235.0557333333333,240.0188,241.0,4.963033333333333,3225.2114634195486,2972.029095109846,2972.029095109846,7.233737276047016,0.8740402469854311,7.854889589905363,92.14511041009463,1902.0,1753.0,2000854.0,1843785.0,1.230125107845696,1.2392677676757373,0.1431712843648009,1386.4014908622619,1295.4569377965106,1295.4569377965106,0.42242007535604825,0.7042318525257011,12.53630377921678,12.536303779216778,833.0,778.0,875991.0,817971.0
49,1.0.0.2,237.361,240.0188,245.0188,246.0,5.0,4695.465173333333,4576.281493333334,4576.281493333334,20.12865275249317,1.7844835670153332,2.3537609190714117,97.6462390809286,3923.0,3830.0,2934666.0,2860176.0,1.2392677676757373,1.2392677676757373,0.0,1431.223506688116,1365.6100201746658,1365.6100201746658,6.309237201059895,0.36502183205678973,4.187479172534161,4.187479172534163,1280.0,1267.0,894515.0,853506.0
49,5.0.0.2,237.361,240.0188,245.0188,246.0,5.0,3164.0232533333333,2939.074666666667,2939.074666666667,7.232514193585338,0.8751731838106147,7.1177784870730925,92.8822215129269,1880.0,1746.0,1977515.0,1836922.0,1.2392677676757373,1.2392677676757373,0.0,1357.725402210673,1298.1144692001035,1298.1144692001035,0.4226402190459848,0.7045400182907791,11.979648559882419,11.97964855988242,807.0,771.0,848578.0,811322.0
50,1.0.0.2,242.361,245.0188,249.90906666666666,251.0,4.890266666666666,4912.519344548355,4832.34201270551,4832.34201270551,23.22788249570889,1.635664693958119,3.2980895314289507,96.70191046857104,4016.0,3884.0,3002941.0,2953930.0,1.2392677676757373,1.3019065396929392,0.42499537252382724,1856.0416604942236,1847.9695582228023,1847.9695582228023,5.575306778362707,0.27880733382101147,3.8728151016468395,3.87281510164684,969.0,993.0,712996.0,714453.0
50,5.0.0.2,242.361,245.0188,249.90906666666666,251.0,4.890266666666666,3091.904790468141,2921.766774818006,2921.766774818006,7.228552514824268,0.8857630844688787,5.510204081632653,94.48979591836735,1797.0,1698.0,1890030.0,1786027.0,1.2392677676757373,1.3019065396929392,0.42499537252382724,1398.1634231527548,1330.0396807313841,1330.0396807313841,0.42286121477833544,0.7057910140097995,10.942058010933673,10.942058010933671,854.0,813.0,898616.0,855213.0
51,1.0.0.2,247.361,249.90906666666666,254.8493333333333,256.0,4.9402713333333335,4370.6903547942775,4297.453459708758,4297.453459708758,21.16449840534884,1.6532751919693294,2.0606214515046526,97.93937854849534,3675.0,3600.0,2699050.0,2653823.0,1.3019065396929392,1.2684014498948049,0.23132813129117405,1580.8777546385413,1593.8104232462972,1593.8104232462972,6.715568398983704,0.36191715463230384,5.709013601474605,5.709013601474607,1114.0,1150.0,828005.0,833949.0
51,5.0.0.2,247.361,249.90906666666666,254.8493333333333,256.0,4.9402713333333335,3029.5026980299463,2861.106765120998,2861.106765120998,7.2227748894446435,0.889889106069628,5.563261480787254,94.43673851921275,1778.0,1679.0,1870821.0,1766830.0,1.3019065396929392,1.2684014498948049,0.23132813129117405,1398.1631283461395,1330.039338095687,1330.039338095687,0.4228796805948472,0.705788590729628,10.942974883177481,10.94297488317748,798.0,751.0,839723.0,790460.0
52,1.0.0.2,252.361,254.8493333333333,259.84933333333333,261.0,5.0,4788.287893333333,4636.0061866666665,4636.0061866666665,23.84133224845057,1.8631910932366986,3.7126412417863723,96.28735875821363,4089.0,3937.0,2992680.0,2897504.0,1.2684014498948049,1.2684014498948044,0.0,1236.6311764525565,1226.2565316265398,1226.2565316265398,5.332532692775901,0.40224631529520744,4.952327302992648,4.952327302992648,918.0,930.0,772894.0,766410.0
52,5.0.0.2,252.361,254.8493333333333,259.84933333333333,261.0,5.0,3049.3243733333334,2882.92032,2882.92032,7.228457101206696,0.8830789281432465,5.46458141674333,94.53541858325667,1812.0,1713.0,1905828.0,1801825.0,1.2684014498948049,1.2684014498948044,0.0,1398.163507597979,1330.039761717368,1330.039761717368,0.42285576519321905,0.7057968402544811,10.942058010933673,10.942058010933671,831.0,790.0,873852.0,831275.0
53,1.0.0.2,257.361,259.84933333333333,264.84933333333333,266.0,5.0,4182.967893333333,4042.83328,4042.83328,21.13110872666746,1.9995967441445726,4.610150269350723,95.38984973064927,3527.0,3364.0,2614355.0,2526771.0,1.2684014498948044,1.2684014498948044,0.0,1055.0172597007606,1040.6484186721848,1040.6484186721848,5.880985281015743,0.4529067629130536,7.608162777448239,7.60816277744824,792.0,858.0,659386.0,650405.0
53,5.0.0.2,257.361,259.84933333333333,264.84933333333333,266.0,5.0,3049.3243733333334,2882.92032,2882.92032,7.228457101206696,0.8830789281432465,5.46458141674333,94.53541858325667,1812.0,1713.0,1905828.0,1801825.0,1.2684014498948044,1.2684014498948044,0.0,1398.163507597979,1330.039761717368,1330.039761717368,0.42285576519321905,0.7057968402544811,10.942058010933673,10.942058010933671,831.0,790.0,873852.0,831275.0
54,1.0.0.2,262.361,264.84933333333333,269.8036,271.0,4.954235333333333,5345.428645362426,5231.713148332477,5231.713148332477,22.18983586045003,1.8219055240845703,2.5348084593964026,97.4651915406036,4429.0,4317.0,3310314.0,3239892.0,1.2684014498948044,1.2359004698714928,0.17724579184473366,1305.3641812735575,1287.816653009108,1287.816653009108,4.997613252181581,0.2572028403438663,3.64466667636345,3.6446666763634523,807.0,867.0,686696.0,674847.0
54,5.0.0.2,262.361,264.84933333333333,269.8036,271.0,4.954235333333333,3047.996132063704,2880.055569961486,2880.055569961486,7.227833333464413,0.8884258373967756,5.517369496563255,94.48263050343675,1794.0,1695.0,1887561.0,1783559.0,1.2684014498948044,1.2359004698714928,0.17724579184473366,1398.1635143897606,1330.0397843333376,1330.0397843333376,0.4228379360633169,0.7057972018897563,10.942058010933673,10.942058010933671,831.0,789.0,874703.0,829720.0
55,1.0.0.2,267.361,269.8036,274.8036,276.0,5.0,4822.427093333334,4720.2430933333335,4720.2430933333335,23.86179931343437,1.8557197403065513,1.4646439021090196,98.53535609789098,3942.0,3884.0,3014017.0,2950152.0,1.2359004698714928,1.2359004698714928,0.0,771.1634331803783,778.3702697919466,778.3702697919466,6.548371660540614,0.4292848525807055,1.2915292453170482,1.2915292453170475,774.0,756.0,481977.0,486481.0
55,5.0.0.2,267.361,269.8036,274.8036,276.0,5.0,3049.3243733333334,2882.92032,2882.92032,7.228457101206696,0.8830789281432465,5.46458141674333,94.53541858325667,1812.0,1713.0,1905828.0,1801825.0,1.2359004698714928,1.2359004698714928,0.0,1398.163507597979,1330.039761717368,1330.039761717368,0.42285576519321905,0.7057968402544811,10.942058010933673,10.942058010933671,831.0,790.0,873852.0,831275.0
56,1.0.0.2,272.361,274.8036,279.8036,281.0,5.0,4618.472426666666,4467.297066666667,4467.297066666667,21.326281652216817,1.9593271050962149,4.172647292254175,95.82735270774583,3948.0,3783.0,2886545.0,2792061.0,1.2359004698714928,1.2359004698714928,0.0,1315.7327943053263,1281.644829576375,1281.644829576375,6.313772472535923,0.42635608239726436,3.528316615731004,3.5283166157310037,1107.0,1067.0,822333.0,801028.0
56,5.0.0.2,272.361,274.8036,279.8036,281.0,5.0,3049.3243733333334,2882.92032,2882.92032,7.228457101206696,0.8830789281432465,5.46458141674333,94.53541858325667,1812.0,1713.0,1905828.0,1801825.0,1.2359004698714928,1.2359004698714928,0.0,1398.163507597979,1330.039761717368,1330.039761717368,0.42285576519321905,0.7057968402544811,10.942058010933673,10.942058010933671,831.0,790.0,873852.0,831275.0
57,1.0.0.2,277.361,279.8036,284.8036,286.0,5.0,4444.554453333333,4286.211946666666,4286.211946666666,22.783717591615282,1.9259476353165565,3.334765331328536,96.66523466867146,3724.0,3600.0,2777847.0,2678882.0,1.2359004698714928,1.2359004698714928,0.0,1272.0008194081627,1258.010039316506,1258.010039316506,8.2522452167245,0.6480751395456724,5.263794158502989,5.263794158502989,1051.0,1089.0,795001.0,786256.0
57,5.0.0.2,277.361,279.8036,284.8036,286.0,5.0,3049.3243733333334,2882.92032,2882.92032,7.228457101206696,0.8830789281432465,5.46458141674333,94.53541858325667,1812.0,1713.0,1905828.0,1801825.0,1.2359004698714928,1.2359004698714928,0.0,1398.163507597979,1330.039761717368,1330.039761717368,0.42285576519321905,0.7057968402544811,10.942058010933673,10.942058010933671,831.0,790.0,873852.0,831275.0
58,1.0.0.2,282.361,284.8036,289.7735333333333,291.0,4.969902666666667,4862.9521651262385,4753.386504953684,4753.386504953684,23.58562052677179,1.7988344805059782,2.06194314806958,97.93805685193043,3928.0,3847.0,3021050.0,2952984.0,1.2359004698714928,1.2412081595115712,0.11656647076525335,1624.3304922004947,1618.0166356283523,1618.0166356283523,4.892459824269918,0.41176569517257317,3.61380173417199,3.613801734171991,1273.0,1298.0,962421.0,959596.0
58,5.0.0.2,282.361,284.8036,289.7735333333333,291.0,4.969902666666667,3051.2095340834303,2885.23134054671,2885.23134054671,7.227380692205353,0.8844225890593207,5.449702171741463,94.55029782825854,1802.0,1704.0,1895527.0,1792415.0,1.2359004698714928,1.2412081595115712,0.11656647076525335,1398.1635583699233,1330.0397903407693,1330.0397903407693,0.4228231948597765,0.7057967662674237,10.942954297801203,10.942954297801203,834.0,794.0,877214.0,834959.0
59,1.0.0.2,287.361,289.7735333333333,294.69606666666664,296.0,4.922536,5060.716454553777,4962.1389733530295,4962.1389733530295,23.531953966947484,1.659397115490139,1.952655231343756,98.04734476865625,4213.0,4131.0,3113945.0,3053288.0,1.2412081595115712,1.241328520270964,0.3000167819306113,1657.4935854969615,1678.7747645554882,1678.7747645554882,6.689745426873952,0.3254759332043432,2.824787565436811,2.8247875654368118,1012.0,1053.0,841445.0,855609.0
59,5.0.0.2,287.361,289.7735333333333,294.69606666666664,296.0,4.922536,2923.3900574825657,2806.451958908985,2806.451958908985,7.23497403419706,0.8635158522865729,4.007797270955166,95.99220272904483,1710.0,1641.0,1798812.0,1726858.0,1.2412081595115712,1.241328520270964,0.3000167819306113,1536.5971449924543,1440.1225687385652,1440.1225687385652,0.4225799051439012,0.707002601290008,10.958642713938879,10.958642713938879,914.0,855.0,962112.0,899287.0
60,1.0.0.2,292.361,294.69606666666664,299.69606666666664,301.0,5.0,4354.310826666667,4261.96512,4261.96512,22.02368468938879,1.6511235892850757,4.434608746176325,95.56539125382368,3901.0,3728.0,2721444.0,2663728.0,1.241328520270964,1.241328520270964,0.0,1336.5328361953123,1326.3116549595484,1326.3116549595484,7.115087506987897,0.24145849877655698,5.575742826527977,5.575742826527979,1143.0,1184.0,835333.0,828945.0
60,5.0.0.2,292.361,294.69606666666664,299.69606666666664,301.0,5.0,2893.0276266666665,2792.4471466666664,2792.4471466666664,7.23810866621122,0.8462741297219096,3.483050190055077,96.51694980994492,1719.0,1659.0,1808142.0,1745279.0,1.241328520270964,1.241328520270964,0.0,1599.177457403438,1479.0536168368503,1479.0536168368503,1.9158020973628773,0.6622624075313421,3.8654116457822423,25.482316560419186,950.0,879.0,999486.0,924409.0
61,1.0.0.2,297.361,299.69606666666664,304.69606666666664,306.0,5.0,5056.908266666666,4923.824426666667,4923.824426666667,22.787080256311427,1.6998770594848074,3.0727561408424395,96.92724385915756,4283.0,4151.0,3160568.0,3077390.0,1.241328520270964,1.241328520270964,0.0,1245.6268029702974,1177.7419326751242,1177.7419326751242,5.293703945614028,0.2941762383625551,3.33186715086056,3.3318671508605604,1006.0,961.0,778517.0,736089.0
61,5.0.0.2,297.361,299.69606666666664,304.69606666666664,306.0,5.0,2893.0276266666665,2792.4471466666664,2792.4471466666664,7.23810866621122,0.8462741297219096,3.483050190055077,96.51694980994492,1719.0,1659.0,1808142.0,1745279.0,1.241328520270964,1.241328520270964,0.0,1599.177457403438,1479.0536168368503,1479.0536168368503,1.9158020973628773,0.6622624075313421,3.8654116457822423,25.482316560419186,950.0,879.0,999486.0,924409.0
62,1.0.0.2,302.361,304.69606666666664,309.69606666666664,311.0,5.0,4608.246186666666,4503.903466666667,4503.903466666667,22.39322291191637,1.7353650913810643,3.002773099236122,96.99722690076388,3919.0,3801.0,2880154.0,2814940.0,1.241328520270964,1.241328520270964,0.0,963.7876109389232,933.3533744432052,933.3533744432052,5.891055857686376,0.26627663542692914,2.945188075655648,2.9451880756556483,739.0,749.0,602367.0,583346.0
62,5.0.0.2,302.361,304.69606666666664,309.69606666666664,311.0,5.0,2893.0276266666665,2792.4471466666664,2792.4471466666664,7.23810866621122,0.8462741297219096,3.483050190055077,96.51694980994492,1719.0,1659.0,1808142.0,1745279.0,1.241328520270964,1.241328520270964,0.0,1599.177457403438,1479.0536168368503,1479.0536168368503,1.9158020973628773,0.6622624075313421,3.8654116457822423,25.482316560419186,950.0,879.0,999486.0,924409.0
63,1.0.0.2,307.361,309.69606666666664,314.58366666666666,316.0,4.887568666666667,4580.599624653185,4489.9658766942475,4489.9658766942475,23.019761300298335,1.685336733246016,3.220013732152603,96.77998626784739,3787.0,3665.0,2798499.0,2743127.0,1.241328520270964,1.4814015885865184,0.4354446815918948,2217.3765534283825,2212.395877932019,2212.395877932019,5.440622155266891,0.6974311618585942,4.168850165752543,4.168850165752542,1250.0,1273.0,1016118.0,1025612.0
63,5.0.0.2,307.361,309.69606666666664,314.58366666666666,316.0,4.887568666666667,2926.7926943362295,2828.456466357574,2828.456466357574,7.23578911360039,0.8495653217663055,3.365101776679609,96.63489822332039,1700.0,1643.0,1788113.0,1728034.0,1.241328520270964,1.4814015885865184,0.4354446815918948,1577.288363184816,1466.4585174812985,1466.4585174812985,1.915373666386946,0.6622578877498445,3.7622467279938956,25.486982893111648,954.0,889.0,1003849.0,935043.0
64,1.0.0.2,311.083,314.58366666666666,319.58366666666666,321.0,5.0,4426.4454399999995,4335.706026666667,4335.706026666667,21.148812806214256,1.6866557492561778,2.0829335519773915,97.91706644802261,3822.0,3742.0,2766528.0,2709816.0,1.4814015885865184,1.4814015885865184,0.0,1356.9191067099514,1352.407399995164,1352.407399995164,5.022847902885753,0.800152787110657,3.18746446906815,3.1874644690681477,1164.0,1166.0,848074.0,845255.0
64,5.0.0.2,311.083,314.58366666666666,319.58366666666666,321.0,5.0,2853.3793066666667,2767.660373333333,2767.660373333333,7.23691582127073,0.8491871166930219,3.0123087813126745,96.98769121868733,1695.0,1644.0,1783362.0,1729788.0,1.4814015885865184,1.4814015885865184,0.0,1530.1945480949498,1438.7697599403932,1438.7697599403932,1.9158315690738577,0.6622422875267314,3.51622889228632,25.49267162662037,909.0,855.0,956372.0,899231.0
65,1.0.0.2,316.083,319.58366666666666,324.58366666666666,326.0,5.0,5056.707093333333,4939.212906666667,4939.212906666667,24.27185160654069,1.849757396449704,2.742841230797791,97.2571587692022,4309.0,4191.0,3160442.0,3087008.0,1.4814015885865184,1.4814015885865184,0.0,1405.983577281104,1403.064009896964,1403.064009896964,5.649803334613473,0.4258495014472332,2.9088271323019343,2.9088271323019335,1157.0,1154.0,878740.0,876915.0
65,5.0.0.2,316.083,319.58366666666666,324.58366666666666,326.0,5.0,2853.3793066666667,2767.660373333333,2767.660373333333,7.23691582127073,0.8491871166930219,3.0123087813126745,96.98769121868733,1695.0,1644.0,1783362.0,1729788.0,1.4814015885865184,1.4814015885865184,0.0,1530.1945480949498,1438.7697599403932,1438.7697599403932,1.9158315690738577,0.6622422875267314,3.51622889228632,25.49267162662037,909.0,855.0,956372.0,899231.0
66,1.0.0.2,321.083,324.58366666666666,329.58366666666666,331.0,5.0,4677.6077866666665,4586.163413333334,4586.163413333334,23.231028871127105,1.734707466405533,2.0530900041476565,97.94690999585234,3858.0,3778.0,2923505.0,2866352.0,1.4814015885865184,1.4814015885865184,0.0,1504.6618393524564,1510.6402622915764,1510.6402622915764,5.138258254153926,0.6070363417474866,3.3263698507108463,3.3263698507108472,1246.0,1266.0,940414.0,944150.0
66,5.0.0.2,321.083,324.58366666666666,329.58366666666666,331.0,5.0,2853.3793066666667,2767.660373333333,2767.660373333333,7.23691582127073,0.8491871166930219,3.0123087813126745,96.98769121868733,1695.0,1644.0,1783362.0,1729788.0,1.4814015885865184,1.4814015885865184,0.0,1530.1945480949498,1438.7697599403932,1438.7697599403932,1.9158315690738577,0.6622422875267314,3.51622889228632,25.49267162662037,909.0,855.0,956372.0,899231.0
67,1.0.0.2,326.083,329.58366666666666,334.58366666666666,336.0,5.0,3969.4517333333333,3883.565653333333,3883.565653333333,21.050862945686124,1.6892424321583581,2.6573481797362395,97.34265182026375,3377.0,3287.0,2480907.0,2427229.0,1.4814015885865184,1.4814015885865184,0.0,1593.0913465904187,1583.7725029703395,1583.7725029703395,5.854498843242161,0.43788151992128127,2.855927393635024,2.855927393635025,1299.0,1281.0,995682.0,989858.0
67,5.0.0.2,326.083,329.58366666666666,334.58366666666666,336.0,5.0,2853.3793066666667,2767.660373333333,2767.660373333333,7.23691582127073,0.8491871166930219,3.0123087813126745,96.98769121868733,1695.0,1644.0,1783362.0,1729788.0,1.4814015885865184,1.4814015885865184,0.0,1530.1945480949498,1438.7697599403932,1438.7697599403932,1.9158315690738577,0.6622422875267314,3.51622889228632,25.49267162662037,909.0,855.0,956372.0,899231.0
68,1.0.0.2,331.083,334.58366666666666,339.4506666666667,341.0,4.8669693333333335,4830.041200177413,4753.842432265172,4753.842432265172,23.579387246172796,1.6419593762097486,1.468522981431073,98.53147701856892,3845.0,3789.0,2938458.0,2892101.0,1.4814015885865184,1.574791218210328,0.3654166425850022,2006.44903291329,2011.095516122966,2011.095516122966,5.58210263907274,0.44646405502091013,2.0624753666387448,2.0624753666387443,1285.0,1294.0,948736.0,959197.0
68,5.0.0.2,331.083,334.58366666666666,339.4506666666667,341.0,4.8669693333333335,2857.7088493400547,2773.7556047884145,2773.7556047884145,7.244132763923525,0.8383752977140482,2.9447357805566763,97.05526421944333,1653.0,1604.0,1738548.0,1687473.0,1.4814015885865184,1.574791218210328,0.3654166425850022,1530.1945828532248,1438.7697627923517,1438.7697627923517,1.915805753809235,0.6622827618935888,3.510455053984305,25.492685917101642,921.0,868.0,969236.0,913527.0
69,1.0.0.2,336.083,339.4506666666667,344.4506666666667,346.0,5.0,4800.928533333334,4707.556906666667,4707.556906666667,21.933832784757556,1.6966314126258955,1.9313013373158645,98.06869866268414,3928.0,3852.0,3000580.0,2942223.0,1.574791218210328,1.574791218210328,0.0,1342.0212121912457,1328.7315551954264,1328.7315551954264,5.373202807672622,0.39586848161743726,2.029454928293449,2.0294549282934504,1114.0,1099.0,838763.0,830457.0
69,5.0.0.2,336.083,339.4506666666667,344.4506666666667,346.0,5.0,2853.3793066666667,2767.660373333333,2767.660373333333,7.23691582127073,0.8491871166930219,3.0123087813126745,96.98769121868733,1695.0,1644.0,1783362.0,1729788.0,1.574791218210328,1.574791218210328,0.0,1530.1945480949498,1438.7697599403932,1438.7697599403932,1.9158315690738577,0.6622422875267314,3.51622889228632,25.49267162662037,909.0,855.0,956372.0,899231.0
70,1.0.0.2,341.083,344.4506666666667,349.40400000000005,351.0,4.953333333333333,4438.362960969045,4330.541049798116,4330.541049798116,24.26233979508953,1.6790813292228173,2.362971107225897,97.6370288927741,3699.0,3611.0,2748086.0,2681327.0,1.574791218210328,1.6273907687724278,0.18073922282301283,1750.4754990892245,1762.1600394578238,1762.1600394578238,5.4687613788551,0.3367520626207274,3.1757130312006745,3.175713031200675,1358.0,1368.0,1004862.0,1010195.0
70,5.0.0.2,341.083,344.4506666666667,349.40400000000005,351.0,4.953333333333333,2854.466325706595,2770.169905787349,2770.169905787349,7.2353120621549785,0.8510843449192395,2.964050472184747,97.03594952781525,1680.0,1630.0,1767390.0,1715197.0,1.574791218210328,1.6273907687724278,0.18073922282301283,1530.1945480949498,1438.769756988065,1438.769756988065,1.91582588261067,0.6622408872414284,3.5214370867715585,25.492662983343923,912.0,859.0,959657.0,903889.0
71,1.0.0.2,346.083,349.40400000000005,354.40400000000005,356.0,5.0,4273.106666666667,4158.136533333333,4158.136533333333,19.536289790556264,1.7953580457548233,3.9166185804962494,96.08338141950375,3697.0,3552.0,2670692.0,2598835.0,1.6273907687724278,1.6273907687724278,0.0,1275.3927341446627,1268.1793168432805,1268.1793168432805,5.921348147950607,0.6649113784266363,3.656515371448267,3.6565153714482665,1084.0,1043.0,797120.0,792612.0
71,5.0.0.2,346.083,349.40400000000005,354.40400000000005,356.0,5.0,2853.3793066666667,2767.660373333333,2767.660373333333,7.23691582127073,0.8491871166930219,3.0123087813126745,96.98769121868733,1695.0,1644.0,1783362.0,1729788.0,1.6273907687724278,1.6273907687724278,0.0,1530.1945480949498,1438.7697599403932,1438.7697599403932,1.9158315690738577,0.6622422875267314,3.51622889228632,25.49267162662037,909.0,855.0,956372.0,899231.0
72,1.0.0.2,351.083,354.40400000000005,359.40400000000005,361.0,5.0,4097.5438933333335,4002.098986666667,4002.098986666667,23.928890773562355,1.8328520468310074,3.429052071515199,96.5709479284848,3408.0,3291.0,2560965.0,2501312.0,1.6273907687724278,1.6273907687724278,0.0,1280.5056123520449,1261.1199771393578,1261.1199771393578,5.806140983377612,0.7235365874141962,5.257813691456839,5.257813691456839,985.0,1014.0,800316.0,788200.0
72,5.0.0.2,351.083,354.40400000000005,359.40400000000005,361.0,5.0,2853.3793066666667,2767.660373333333,2767.660373333333,7.23691582127073,0.8491871166930219,3.0123087813126745,96.98769121868733,1695.0,1644.0,1783362.0,1729788.0,1.6273907687724278,1.6273907687724278,0.0,1530.1945480949498,1438.7697599403932,1438.7697599403932,1.9158315690738577,0.6622422875267314,3.51622889228632,25.49267162662037,909.0,855.0,956372.0,899231.0
73,1.0.0.2,356.083,359.40400000000005,364.37399999999997,366.0,4.969997333333334,4805.5540740732795,4668.677810155767,4668.677810155767,26.571083463904518,1.8413203110924163,1.5443815571507455,98.45561844284926,3863.0,3804.0,2985449.0,2900415.0,1.6273907687724278,1.6162326123249873,0.1161998283418125,1567.9075140319183,1556.2802185678574,1556.2802185678574,7.278867471726105,0.37973043460738604,1.4128112678032747,1.4128112678032758,1234.0,1225.0,929003.0,920361.0
73,5.0.0.2,356.083,359.40400000000005,364.37399999999997,366.0,4.969997333333334,2768.4101238954386,2705.746213680061,2705.746213680061,7.214009828082621,0.8515973213018987,2.2754149166088977,97.7245850833911,1635.0,1598.0,1719874.0,1680944.0,1.6273907687724278,1.6162326123249873,0.1161998283418125,1448.0992870142964,1385.3011618857038,1385.3011618857038,1.911648484873972,0.6628422660139619,2.901795356335429,25.53813765473907,861.0,823.0,905520.0,865791.0
74,1.0.0.2,361.083,364.37399999999997,369.37399999999997,371.0,5.0,4413.9955199999995,4311.953706666666,4311.953706666666,20.113784721087693,1.791501670569442,3.3288877970027726,96.67111220299722,3799.0,3673.0,2758747.0,2694971.0,1.6162326123249873,1.6162326123249873,0.0,1480.6595635291822,1468.691037105194,1468.691037105194,6.866366941098439,0.47540668502722105,3.5928215793143172,3.592821579314316,1164.0,1164.0,925412.0,917932.0
74,5.0.0.2,361.083,364.37399999999997,369.37399999999997,371.0,5.0,2746.0528,2690.04768,2690.04768,7.209656072337408,0.8506010469317091,2.051240142197524,97.94875985780247,1632.0,1598.0,1716283.0,1681280.0,1.6162326123249873,1.6162326123249873,0.0,1438.02119366241,1377.546482326539,1377.546482326539,1.9100567008594522,0.6631269912979249,2.9102539957953444,25.588930670191406,854.0,818.0,898763.0,860967.0
75,1.0.0.2,366.083,369.37399999999997,374.29879999999997,376.0,4.924833333333334,4362.309005380893,4247.768844969373,4247.768844969373,24.01458890776746,1.8029370496012975,3.369465848243437,96.63053415175656,3573.0,3453.0,2685456.0,2614944.0,1.6162326123249873,1.718408657533389,0.2911192481899242,2316.1756568076885,2298.313036099675,2298.313036099675,5.465112198752409,0.5658389554645891,7.1203450517869635,7.120345051786965,1604.0,1653.0,1308264.0,1295388.0
75,5.0.0.2,366.083,369.37399999999997,374.29879999999997,376.0,4.924833333333334,2747.972087041863,2691.117912619716,2691.117912619716,7.2253844246401355,0.8281236348856902,2.0810878036647042,97.9189121963353,1608.0,1575.0,1691663.0,1656663.0,1.6162326123249873,1.718408657533389,0.2911192481899242,1438.021198256202,1377.5464815566513,1377.5464815566513,1.9100685707392062,0.663246591975614,2.9102539957953444,25.588930670191406,861.0,825.0,906098.0,867562.0
76,1.0.0.2,371.083,374.29879999999997,379.21493333333336,381.0,4.916166666666667,4533.593084042444,4447.658378818184,4447.658378818184,21.825901240070863,1.8069694797797968,1.0815699723012568,98.91843002769875,3538.0,3500.0,2785987.0,2733179.0,1.718408657533389,1.8441616162003405,0.32468510385705507,1590.3085065459452,1596.7895023911533,1596.7895023911533,6.274054689509199,0.4450047441138234,0.8300437593811802,0.8300437593811797,943.0,948.0,702755.0,708623.0
76,5.0.0.2,371.083,374.29879999999997,379.21493333333336,381.0,4.916166666666667,2746.1901617113604,2693.26654236024,2693.26654236024,7.206343178793914,0.854168007712845,1.9447330147517141,98.05526698524828,1604.0,1573.0,1687591.0,1655068.0,1.718408657533389,1.8441616162003405,0.32468510385705507,1438.0211933417886,1377.546462200193,1377.546462200193,1.9101025137006953,0.6631220010200307,2.926656979063289,25.589076278313506,861.0,828.0,905778.0,870744.0
77,1.0.0.2,376.083,379.21493333333336,384.1832,386.0,4.9683,4328.623955880281,4232.375661695147,4232.375661695147,23.480573611216947,1.702420707917397,1.9921955226945984,98.0078044773054,3571.0,3499.0,2688238.0,2628464.0,1.8441616162003405,1.8620151986490299,0.12277357207477517,1432.8201233371526,1437.2924177504658,1437.2924177504658,4.590899006139367,0.5149285347428135,2.683681526726528,2.683681526726529,1123.0,1133.0,819142.0,822150.0
77,5.0.0.2,376.083,379.21493333333336,384.1832,386.0,4.9683,2756.2252950372026,2699.8628370535866,2699.8628370535866,7.209634845645445,0.8513387723584038,2.0567027204195347,97.94329727958046,1627.0,1594.0,1711719.0,1676716.0,1.8441616162003405,1.8620151986490299,0.12277357207477517,1438.0212037301349,1377.5464924670573,1377.5464924670573,1.910046987880515,0.6631262656327728,2.9102539957953444,25.588930670191406,860.0,824.0,904341.0,866590.0
78,1.0.0.2,381.083,384.1832,389.1832,391.0,5.0,4262.652693333333,4144.755093333333,4144.755093333333,23.133317854909908,1.8077899897690457,3.3934291205271347,96.60657087947287,3642.0,3519.0,2664158.0,2590472.0,1.8620151986490299,1.8620151986490299,0.0,1365.2084511554206,1340.799460703808,1340.799460703808,6.9723497271313475,0.3816953453796939,5.761690331633903,5.761690331633902,1174.0,1215.0,853255.0,838000.0
78,5.0.0.2,381.083,384.1832,389.1832,391.0,5.0,2746.0528,2690.04768,2690.04768,7.209656072337408,0.8506010469317091,2.051240142197524,97.94875985780247,1632.0,1598.0,1716283.0,1681280.0,1.8620151986490299,1.8620151986490299,0.0,1438.02119366241,1377.546482326539,1377.546482326539,1.9100567008594522,0.6631269912979249,2.9102539957953444,25.588930670191406,854.0,818.0,898763.0,860967.0
79,1.0.0.2,386.083,389.1832,394.1832,396.0,5.0,4099.3234133333335,4004.133226666667,4004.133226666667,23.570382397666698,1.7877401953334005,1.7470701001996087,98.25292989980039,3373.0,3314.0,2562077.0,2502583.0,1.8620151986490299,1.8620151986490299,0.0,1581.4352680982415,1527.5221380685591,1527.5221380685591,5.410715802113256,0.6322773073973688,1.949793105960317,1.949793105960318,1375.0,1351.0,988397.0,954701.0
79,5.0.0.2,386.083,389.1832,394.1832,396.0,5.0,2746.0528,2690.04768,2690.04768,7.209656072337408,0.8506010469317091,2.051240142197524,97.94875985780247,1632.0,1598.0,1716283.0,1681280.0,1.8620151986490299,1.8620151986490299,0.0,1438.02119366241,1377.546482326539,1377.546482326539,1.9100567008594522,0.6631269912979249,2.9102539957953444,25.588930670191406,854.0,818.0,898763.0,860967.0
80,1.0.0.2,391.083,394.1832,399.1832,401.0,5.0,3844.4121600000003,3756.5251200000002,3756.5251200000002,21.755500316743035,1.747969304854615,2.5074626865671643,97.49253731343283,3238.0,3157.0,2402758.0,2347828.0,1.8620151986490299,1.8620151986490299,0.0,1171.2466248380342,1151.770258319444,1151.770258319444,6.4493552176056435,0.5285678829476962,3.3602039135420805,3.3602039135420787,900.0,897.0,732029.0,719856.0
80,5.0.0.2,391.083,394.1832,399.1832,401.0,5.0,2746.0528,2690.04768,2690.04768,7.209656072337408,0.8506010469317091,2.051240142197524,97.94875985780247,1632.0,1598.0,1716283.0,1681280.0,1.8620151986490299,1.8620151986490299,0.0,1438.02119366241,1377.546482326539,1377.546482326539,1.9100567008594522,0.6631269912979249,2.9102539957953444,25.588930670191406,854.0,818.0,898763.0,860967.0
81,1.0.0.2,396.083,399.1832,404.1832,406.0,5.0,4250.435626666667,4184.131733333334,4184.131733333334,23.229964767239714,1.6297434068958856,1.6022655997567141,98.39773440024328,3508.0,3451.0,2656522.0,2615082.0,1.8620151986490299,1.8620151986490299,0.0,1329.90142206651,1299.8446004834768,1299.8446004834768,5.863559979942301,0.3612389837064734,1.9674483996661938,1.967448399666193,1253.0,1218.0,831188.0,812403.0
81,5.0.0.2,396.083,399.1832,404.1832,406.0,5.0,2693.948053333333,2648.245013333333,2648.245013333333,7.1981719458451625,0.8490285264629857,1.7076929484776542,98.29230705152234,1601.0,1573.0,1683718.0,1655153.0,1.8620151986490299,1.8620151986490299,0.0,1357.916968714739,1316.8918351515335,1316.8918351515335,1.9082025209597495,0.6631851115675306,2.690603972414874,25.61105610363512,807.0,782.0,848698.0,823057.0
82,1.0.0.2,401.083,404.1832,409.1832,411.0,5.0,4158.22592,4038.7510399999996,4038.7510399999996,24.97572032564241,1.8194044798981404,2.9179308536539685,97.08206914634603,3560.0,3456.0,2598891.0,2524219.0,1.8620151986490299,1.8620151986490299,0.0,1373.5033504720252,1380.294591715384,1380.294591715384,8.768331721148284,0.4018307215992232,2.7970604265880064,2.7970604265880072,1015.0,1013.0,858440.0,862684.0
82,5.0.0.2,401.083,404.1832,409.1832,411.0,5.0,2641.6944,2606.3228799999997,2606.3228799999997,7.186574940365984,0.8474048592465017,1.3507199592235484,98.64928004077645,1570.0,1548.0,1651059.0,1628952.0,1.8620151986490299,1.8620151986490299,0.0,1304.2732039402874,1273.9527741828083,1273.9527741828083,1.9061176027344917,0.6634366972795305,2.62862491159654,25.670953906648165,775.0,757.0,815171.0,796220.0
83,1.0.0.2,406.083,409.1832,414.1832,416.0,5.0,4197.874453333333,4101.700053333334,4101.700053333334,21.88066260687523,1.7074413302420224,1.643413836235928,98.35658616376408,3464.0,3407.0,2623672.0,2563563.0,1.8620151986490299,1.8620151986490299,0.0,1190.1141782460263,1164.0973293009172,1164.0973293009172,6.348428441733396,0.3615358335332356,1.423389832271069,1.4233898322710676,1011.0,991.0,743821.0,727561.0
83,5.0.0.2,406.083,409.1832,414.1832,416.0,5.0,2563.80896,2542.2397866666665,2542.2397866666665,7.208094189988524,0.8084565589299902,0.8534290340933958,99.1465709659066,1523.0,1510.0,1602381.0,1588900.0,1.8620151986490299,1.8620151986490299,0.0,1206.3921022981806,1200.9125225383557,1200.9125225383557,1.9058941437156274,0.6571446677662023,2.2490819111345273,25.706535782587824,717.0,713.0,753995.0,750570.0
84,1.0.0.2,411.083,414.1832,419.1832,421.0,5.0,4367.53056,4280.637973333333,4280.637973333333,22.88941466271228,1.7135189394941157,1.0615830296233997,98.9384169703766,3567.0,3529.0,2729707.0,2675399.0,1.8620151986490299,1.8620151986490299,0.0,1094.0372040775192,1096.339437383936,1096.339437383936,6.38091886995536,0.43879709323927624,0.7862362833744115,0.786236283374411,914.0,912.0,683773.0,685212.0
84,5.0.0.2,411.083,414.1832,419.1832,421.0,5.0,2533.5041066666668,2517.30528,2517.30528,7.2167079092368045,0.7926605655313838,0.651047433455866,99.34895256654413,1505.0,1495.0,1583440.0,1573316.0,1.8620151986490299,1.8620151986490299,0.0,1186.9892186905774,1185.3902703144788,1185.3902703144788,1.9057811172432562,0.6534268253669813,2.2141622761353332,25.7463451277303,705.0,704.0,741868.0,740869.0
85,1.0.0.2,416.083,419.1832,424.0141333333333,426.0,4.830904666666667,4650.089969345976,4537.5408360366455,4537.5408360366455,22.54813866659318,1.7071657049162259,1.6176550328049597,98.38234496719504,3688.0,3629.0,2808018.0,2740053.0,1.8620151986490299,1.9418250203156313,0.4512123730710195,2128.9404601336414,2084.7377560596315,2084.7377560596315,5.40325372123131,0.532203448583161,1.7429255331284865,1.7429255331284883,1247.0,1218.0,938609.0,913101.0
85,5.0.0.2,416.083,419.1832,424.0141333333333,426.0,4.830904666666667,2491.777978920994,2487.0642172335697,2487.0642172335697,7.2069375038528,0.8043412628776911,0.19575856443719414,99.8042414355628,1430.0,1428.0,1504693.0,1501846.0,1.8620151986490299,1.9418250203156313,0.4512123730710195,1202.242529049659,1205.53848668568,1205.53848668568,1.9062062538398343,0.6533219802348245,1.139430288436152,25.75523078512109,742.0,744.0,780691.0,782890.0
86,1.0.0.2,420.044,424.0141333333333,429.0141333333333,431.0,5.0,4428.937493333333,4362.502826666667,4362.502826666667,21.576877495964524,1.6191779353210753,1.006520341629167,98.99347965837083,3630.0,3593.0,2768086.0,2726564.0,1.9418250203156313,1.9418250203156313,0.0,1112.3316950487383,1102.0464584690892,1102.0464584690892,4.452990697732844,0.2953240563436004,1.2071842897567286,1.207184289756728,927.0,926.0,695207.0,688779.0
86,5.0.0.2,420.044,424.0141333333333,429.0141333333333,431.0,5.0,2434.260053333333,2433.8133333333335,2433.8133333333335,7.2107275359645895,0.7989170847473258,0.03226549896289468,99.9677345010371,1446.0,1446.0,1521413.0,1521133.0,1.9418250203156313,1.9418250203156313,0.0,1230.1198512839808,1229.8692955639026,1229.8692955639026,1.9066524780290421,0.6532652009658718,0.05366063791581783,25.81036098771232,731.0,731.0,768825.0,768668.0
87,1.0.0.2,425.044,429.0141333333333,434.0141333333333,436.0,5.0,4170.460266666667,4059.725546666667,4059.725546666667,19.583264257280536,1.7558495444069866,2.45429548156956,97.54570451843044,3588.0,3500.0,2606538.0,2537328.0,1.9418250203156313,1.9418250203156313,0.0,723.1479534833585,724.2609068240511,724.2609068240511,6.108417925601484,0.4695926350146475,3.8151431874199644,3.815143187419965,510.0,532.0,451967.0,452663.0
87,5.0.0.2,425.044,429.0141333333333,434.0141333333333,436.0,5.0,2434.260053333333,2433.8133333333335,2433.8133333333335,7.2107275359645895,0.7989170847473258,0.03226549896289468,99.9677345010371,1446.0,1446.0,1521413.0,1521133.0,1.9418250203156313,1.9418250203156313,0.0,1230.1198512839808,1229.8692955639026,1229.8692955639026,1.9066524780290421,0.6532652009658718,0.05366063791581783,25.81036098771232,731.0,731.0,768825.0,768668.0
88,1.0.0.2,430.044,434.0141333333333,439.0141333333333,441.0,5.0,3941.764906666667,3858.8710399999995,3858.8710399999995,23.898380365493477,1.642405659611125,1.5308801551076463,98.46911984489235,3301.0,3250.0,2463603.0,2411794.0,1.9418250203156313,1.9418250203156313,0.0,1612.2795957931469,1609.9855453690423,1609.9855453690423,5.51471783357952,0.4206173892446673,2.232528876733013,2.2325288767330145,1374.0,1372.0,1007675.0,1006241.0
88,5.0.0.2,430.044,434.0141333333333,439.0141333333333,441.0,5.0,2434.260053333333,2433.8133333333335,2433.8133333333335,7.2107275359645895,0.7989170847473258,0.03226549896289468,99.9677345010371,1446.0,1446.0,1521413.0,1521133.0,1.9418250203156313,1.9418250203156313,0.0,1230.1198512839808,1229.8692955639026,1229.8692955639026,1.9066524780290421,0.6532652009658718,0.05366063791581783,25.81036098771232,731.0,731.0,768825.0,768668.0
89,1.0.0.2,435.044,439.0141333333333,443.87399999999997,446.0,4.859830666666666,4694.107366703861,4591.713236647752,4591.713236647752,22.554291782642267,1.723876873094259,1.7103219429539678,98.28967805704603,3777.0,3712.0,2851571.0,2789369.0,1.9418250203156313,2.1358035958392763,0.5428734936489961,2481.8482208452983,2502.7749707118605,2502.7749707118605,6.919500492892739,0.7673498703602084,3.002132800195778,3.0021328001957794,1399.0,1413.0,1013978.0,1020105.0
89,5.0.0.2,435.044,439.0141333333333,443.87399999999997,446.0,4.859830666666666,2504.470032289191,2504.0104277981704,2504.0104277981704,7.2107275359645895,0.7989170847473258,0.03226549896289468,99.9677345010371,1446.0,1446.0,1521413.0,1521133.0,1.9418250203156313,2.1358035958392763,0.5428734936489961,1230.1198512839808,1229.8692955639026,1229.8692955639026,1.9066524780290421,0.6532652009658718,0.05366063791581783,25.81036098771232,731.0,731.0,768825.0,768668.0
90,1.0.0.2,440.044,443.87399999999997,448.87399999999997,451.0,5.0,4623.872426666666,4555.79968,4555.79968,21.412361520039443,1.6984102525181375,1.0455147417578587,98.95448525824214,3826.0,3786.0,2889920.0,2847375.0,2.1358035958392763,2.1358035958392763,0.0,1386.508223312266,1372.3186372755206,1372.3186372755206,4.870825481491085,0.29154028523067094,3.493876319318951,3.4938763193189493,1119.0,1137.0,866568.0,857699.0
90,5.0.0.2,440.044,443.87399999999997,448.87399999999997,451.0,5.0,2434.260053333333,2433.8133333333335,2433.8133333333335,7.2107275359645895,0.7989170847473258,0.03226549896289468,99.9677345010371,1446.0,1446.0,1521413.0,1521133.0,2.1358035958392763,2.1358035958392763,0.0,1230.1198512839808,1229.8692955639026,1229.8692955639026,1.9066524780290421,0.6532652009658718,0.05366063791581783,25.81036098771232,731.0,731.0,768825.0,768668.0
91,1.0.0.2,445.044,448.87399999999997,453.77933333333334,456.0,4.905333333333333,4747.978037510193,4664.391193259037,4664.391193259037,23.260795955156155,1.651540377738233,1.174753354553928,98.82524664544607,3791.0,3746.0,2911302.0,2860049.0,2.1358035958392763,2.2167525046036696,0.2501847650570807,1914.4339169642371,1926.9599646845622,1926.9599646845622,6.810997141723922,0.4493780443451339,2.025869113286283,2.025869113286284,1397.0,1411.0,1025473.0,1031974.0
91,5.0.0.2,445.044,448.87399999999997,453.77933333333334,456.0,4.905333333333333,2425.598477847241,2425.16259853221,2425.16259853221,7.203601959156724,0.8042837814460218,0.028289876939035317,99.97171012306096,1414.0,1414.0,1487296.0,1487029.0,2.1358035958392763,2.2167525046036696,0.2501847650570807,1230.1200653520245,1229.8694131814582,1229.8694131814582,1.9066282847756841,0.6532645298587336,0.06193829611966296,25.808784688008547,695.0,695.0,731242.0,731118.0
92,1.0.0.2,449.298,453.77933333333334,458.70646666666664,461.0,4.9271020000000005,5197.646270228084,5092.055925234211,5092.055925234211,22.792701545067118,1.7114474761775549,1.693080182017888,98.3069198179821,4249.0,4177.0,3201167.0,3136135.0,2.2167525046036696,2.1892663763614153,0.28233273997182834,1589.4543068731687,1620.0626607700042,1620.0626607700042,7.595213130073317,0.47930202109496095,2.035499942937663,2.0354999429376623,1011.0,1036.0,817741.0,839455.0
92,5.0.0.2,449.298,453.77933333333334,458.70646666666664,461.0,4.9271020000000005,2425.350182182819,2424.903780491385,2424.903780491385,7.225456012774151,0.773145543793735,0.03755692221022487,99.96244307778977,1420.0,1420.0,1493743.0,1493469.0,2.2167525046036696,2.1892663763614153,0.28233273997182834,1230.1199567812462,1229.8693642119051,1229.8693642119051,1.90662696206703,0.653549753221028,0.05351506549214185,25.809052171007757,724.0,724.0,761747.0,761590.0
93,1.0.0.2,454.298,458.70646666666664,463.60566666666665,466.0,4.899197333333333,4613.409652411089,4545.501929839936,4545.501929839936,23.776090383304783,1.6008848479490156,1.2208434918671083,98.77915650813289,3664.0,3619.0,2825251.0,2783664.0,2.1892663763614153,2.347757582602309,0.3904070492532974,1668.384982787238,1683.0467908886842,1683.0467908886842,6.475205474496726,0.40561588448866714,1.486676917221298,1.4866769172212995,878.0,886.0,645078.0,656484.0
93,5.0.0.2,454.298,458.70646666666664,463.60566666666665,466.0,4.899197333333333,2465.875825101146,2465.4282960093055,2465.4282960093055,7.208718590607145,0.8010603814279742,0.027864208424279013,99.97213579157572,1436.0,1435.0,1510102.0,1509827.0,2.1892663763614153,2.347757582602309,0.3904070492532974,1230.1198305788937,1229.8692981969161,1229.8692981969161,1.9065521423968699,0.6532516994604541,0.03367774356810914,25.81378193011105,746.0,746.0,785040.0,784879.0
94,1.0.0.2,459.298,463.60566666666665,468.50759999999997,471.0,4.901902000000001,5027.79816215556,4952.893686301086,4952.893686301086,25.71048060707417,1.672930394648382,1.5477072528196263,98.45229274718038,4049.0,3986.0,3080722.0,3034825.0,2.347757582602309,2.2700373754002943,0.3799319202962552,1848.4700349225554,1851.451449492185,1851.451449492185,6.78056244926488,0.3279670890853445,2.6772794889308646,2.677279488930866,1198.0,1214.0,879030.0,874658.0
94,5.0.0.2,459.298,463.60566666666665,468.50759999999997,471.0,4.901902000000001,2419.2488004316147,2418.8104399747963,2418.8104399747963,7.203811857372705,0.8049327315445769,0.02838489923360772,99.97161510076639,1409.0,1409.0,1482365.0,1482096.0,2.347757582602309,2.2700373754002943,0.3799319202962552,1230.1198960506154,1229.8693773864422,1229.8693773864422,1.9065749612860379,0.6532625245212204,0.05411238277279166,25.811337049086962,721.0,720.0,758113.0,757967.0
95,1.0.0.2,464.298,468.50759999999997,473.50759999999997,476.0,5.0,4235.12032,4157.659413333334,4157.659413333334,24.14531177325296,1.5979907537552278,1.5179641876474457,98.48203581235255,3448.0,3395.0,2646950.0,2598537.0,2.2700373754002943,2.2700373754002943,0.0,1290.8328258371157,1297.489907023988,1297.489907023988,5.276471598494044,0.4487776052210312,1.625275414642241,1.6252754146422417,1176.0,1159.0,806771.0,810931.0
95,5.0.0.2,464.298,468.50759999999997,473.50759999999997,476.0,5.0,2434.260053333333,2433.8133333333335,2433.8133333333335,7.2107275359645895,0.7989170847473258,0.03226549896289468,99.9677345010371,1446.0,1446.0,1521413.0,1521133.0,2.2700373754002943,2.2700373754002943,0.0,1230.1198512839808,1229.8692955639026,1229.8692955639026,1.9066524780290421,0.6532652009658718,0.05366063791581783,25.81036098771232,731.0,731.0,768825.0,768668.0
96,1.0.0.2,469.298,473.50759999999997,478.50759999999997,481.0,5.0,5000.549866666666,4877.965226666666,4877.965226666666,22.255207998385142,1.705638934840533,1.7297468856621439,98.27025311433786,4201.0,4128.0,3125344.0,3048728.0,2.2700373754002943,2.2700373754002943,0.0,986.782662380864,930.4253982167506,930.4253982167506,6.886396812225429,0.3640576781709708,1.6449016360196786,1.64490163601968,851.0,825.0,616739.0,581516.0
96,5.0.0.2,469.298,473.50759999999997,478.50759999999997,481.0,5.0,2434.260053333333,2433.8133333333335,2433.8133333333335,7.2107275359645895,0.7989170847473258,0.03226549896289468,99.9677345010371,1446.0,1446.0,1521413.0,1521133.0,2.2700373754002943,2.2700373754002943,0.0,1230.1198512839808,1229.8692955639026,1229.8692955639026,1.9066524780290421,0.6532652009658718,0.05366063791581783,25.81036098771232,731.0,731.0,768825.0,768668.0
97,1.0.0.2,474.298,478.50759999999997,483.4798,486.0,4.972167333333333,4306.597029249887,4211.177017239028,4211.177017239028,22.349488018627472,1.7416306291562063,1.6658814661264487,98.33411853387355,3538.0,3479.0,2676640.0,2617335.0,2.2700373754002943,2.2967032024186276,0.10779545448054229,1598.866053740862,1600.026001365014,1600.026001365014,6.292766262259275,0.36176758574690304,2.1105027626429753,2.110502762642974,1267.0,1271.0,941567.0,942500.0
97,5.0.0.2,474.298,478.50759999999997,483.4798,486.0,4.972167333333333,2433.21861921783,2432.7714366277028,2432.7714366277028,7.217460131743748,0.7895239845061929,0.037097148156735454,99.96290285184327,1438.0,1437.0,1512296.0,1512018.0,2.2700373754002943,2.2967032024186276,0.10779545448054229,1230.119845109998,1229.8692807995951,1229.8692807995951,1.9065581993382235,0.6536097660538596,0.053479911064332884,25.809067686998933,730.0,730.0,768158.0,768001.0
98,1.0.0.2,479.298,483.4798,488.4798,491.0,5.0,4358.945493333334,4286.38656,4286.38656,22.11300330693816,1.6546343229638008,1.179363925996311,98.82063607400369,3578.0,3536.0,2724341.0,2678992.0,2.2967032024186276,2.2967032024186276,0.0,1617.5585538391297,1608.1300293394743,1608.1300293394743,8.534416944572694,0.8709113097932042,1.879412302448434,1.8794123024484333,1304.0,1295.0,1010974.0,1005081.0
98,5.0.0.2,479.298,483.4798,488.4798,491.0,5.0,2434.260053333333,2433.8133333333335,2433.8133333333335,7.2107275359645895,0.7989170847473258,0.03226549896289468,99.9677345010371,1446.0,1446.0,1521413.0,1521133.0,2.2967032024186276,2.2967032024186276,0.0,1230.1198512839808,1229.8692955639026,1229.8692955639026,1.9066524780290421,0.6532652009658718,0.05366063791581783,25.81036098771232,731.0,731.0,768825.0,768668.0
99,1.0.0.2,484.298,488.4798,493.2974666666667,496.0,4.817633333333333,4947.758747379418,4856.721073279411,4856.721073279411,24.22248739087925,1.698355697849012,1.4182444061962134,98.58175559380379,3873.0,3818.0,2979561.0,2924738.0,2.2967032024186276,2.256913343062869,0.48419740340760464,2029.5534424890234,2051.7523232989147,2051.7523232989147,4.751094380846825,0.4538704452006835,1.345209135593978,1.345209135593979,1037.0,1052.0,764120.0,772001.0
99,5.0.0.2,484.298,488.4798,493.2974666666667,496.0,4.817633333333333,2434.910308657778,2434.470922790582,2434.470922790582,7.201463285331547,0.8103783471438141,0.028697149416491294,99.97130285058351,1394.0,1393.0,1466313.0,1466049.0,2.2967032024186276,2.256913343062869,0.48419740340760464,1230.1196116591716,1229.8691225850173,1229.8691225850173,1.9068322845639145,0.6532357250851735,0.05832386833099064,25.810597186920145,736.0,736.0,774397.0,774248.0
100,1.0.0.2,489.298,493.2974666666667,498.2974666666667,501.0,5.0,4708.113813333333,4617.7235200000005,4617.7235200000005,23.054589016113155,1.7296787689757007,1.5539724909464951,98.44602750905351,3921.0,3860.0,2942571.0,2886077.0,2.256913343062869,2.256913343062869,0.0,1285.6036837334889,1287.1974611636083,1287.1974611636083,5.688610573200086,0.3715150472784187,4.626950217520666,4.626950217520667,891.0,943.0,803502.0,804498.0
100,5.0.0.2,489.298,493.2974666666667,498.2974666666667,501.0,5.0,2434.260053333333,2433.8133333333335,2433.8133333333335,7.2107275359645895,0.7989170847473258,0.03226549896289468,99.9677345010371,1446.0,1446.0,1521413.0,1521133.0,2.256913343062869,2.256913343062869,0.0,1230.1198512839808,1229.8692955639026,1229.8692955639026,1.9066524780290421,0.6532652009658718,0.05366063791581783,25.81036098771232,731.0,731.0,768825.0,768668.0
