flow_id,src,sport,dst,dport,start,end,active_s,tx_kbit_s,rx_kbit_s,throughput_kbit_s,mean_delay_ms,mean_jitter_ms,packet_loss_pct,delivery_ratio_pct,tx_pkts,rx_pkts,tx_bytes,rx_bytes
1,7.0.0.152,49153,5.0.0.2,50000,1.00904,463.423,462.414,812.419,812.346,812.346,13.6511,3.60481,0.00896097,99.991,44638,44634,46959176,46954968
2,7.0.0.103,49153,1.0.0.2,9,1.013,6.00556,4.99256,1159.32,1159.32,1159.32,10.9343,0.884605,0,100,798,798,723500,723500
3,7.0.0.153,49153,5.0.0.2,50000,1.01706,8.01457,6.9975,61332.4,892.414,892.414,16.9374,3.74657,98.545,1.45504,50995,742,53646740,780584
4,7.0.0.156,49153,5.0.0.2,50000,1.01899,174.627,173.608,1381.65,518.948,518.948,14.0842,4.32805,62.4399,37.5601,28501,10705,29983052,11261660
5,7.0.0.157,49153,5.0.0.2,50000,1.02767,463.408,462.38,539.71,539.692,539.692,14.4917,4.2287,0.00337245,99.9966,29652,29651,31193904,31192852
6,7.0.0.154,49153,5.0.0.2,50000,1.02839,463.425,462.397,935.085,935.067,935.067,14.831,3.43021,0.00194643,99.9981,51376,51375,54047552,54046500
8,7.0.0.155,49153,5.0.0.2,50000,1.04063,463.389,462.348,563.738,563.684,563.684,13.8925,4.10573,0.00968679,99.9903,30970,30967,32580440,32577284
9,7.0.0.150,49153,1.0.0.2,9,1.042,6.00406,4.96206,1181.79,1181.79,1181.79,27.5785,1.07467,0,100,981,981,733016,733016
11,7.0.0.136,49153,1.0.0.2,9,1.08,6.00406,4.92406,1190.74,1190.74,1190.74,22.3206,1.30509,0,100,979,979,732912,732912
12,7.0.0.66,49153,1.0.0.2,9,1.093,3.89406,2.80106,109.17,39.3679,39.3679,5.46478,1.26449,63.9456,36.0544,735,265,38224,13784
15,7.0.0.72,49153,1.0.0.2,9,1.174,6.00406,4.83006,1281.18,1213.84,1213.84,37.6378,2.07149,2.77778,97.2222,1008,980,773520,732864
16,7.0.0.126,49153,1.0.0.2,9,1.178,6.00406,4.82606,1267.19,1214.24,1214.24,12.8997,2.04225,2.21106,97.7889,995,973,764444,732500
19,7.0.0.81,49153,1.0.0.2,9,6.024,9.72357,3.69957,1564.62,1564.62,1564.62,9.83289,0.842499,0,100,799,799,723552,723552
21,7.0.0.52,49153,1.0.0.2,9,6.053,9.73656,3.68356,1591.53,1591.53,1591.53,23.2245,1.38236,0,100,979,979,732812,732812
23,7.0.0.69,49153,1.0.0.2,9,6.109,9.72206,3.61306,1622.7,1622.7,1622.7,29.2966,1.39369,0,100,980,980,732864,732864
25,7.0.0.8,49153,1.0.0.2,9,6.142,9.72206,3.58006,1637.54,1637.54,1637.54,16.5048,0.724653,0,100,979,979,732812,732812
27,7.0.0.88,49153,1.0.0.2,9,6.156,9.72206,3.56606,1644.08,1644.08,1644.08,29.331,1.39165,0,100,980,980,732864,732864
29,7.0.0.27,49153,1.0.0.2,9,6.181,9.73656,3.55556,1648.94,1648.94,1648.94,23.2818,1.39101,0,100,980,980,732864,732864
31,7.0.0.95,49153,1.0.0.2,9,9.81657,13.8171,4.0005,1492.71,1463.67,1463.67,8.5345,1.2249,1.02881,98.9712,972,962,746448,731928
32,7.0.0.45,49153,1.0.0.2,9,9.82557,13.8171,3.9915,1468.75,1468.75,1468.75,16.6715,1.45105,0,100,979,979,732812,732812
33,7.0.0.27,49154,1.0.0.2,9,9.83357,13.8186,3.985,1469.78,1469.78,1469.78,8.71126,0.984821,0,100,964,964,732132,732132
36,7.0.0.13,49153,1.0.0.2,9,9.83957,13.8171,3.9775,1503.22,1474.02,1474.02,32.7796,1.5808,1.0101,98.9899,990,980,747384,732864
38,7.0.0.59,49153,1.0.0.2,9,9.85557,13.8206,3.965,1492.9,1478.25,1478.25,18.8755,1.53399,0.509684,99.4903,981,976,739916,732656
41,7.0.0.28,49153,1.0.0.2,9,9.86457,13.8171,3.9525,1515.57,1483.24,1483.24,33.1749,1.60536,1.11111,98.8889,990,979,748784,732812
43,7.0.0.132,49153,1.0.0.2,9,13.8226,18.1556,4.333,1353.37,1353.37,1353.37,12.1762,1.19675,0,100,981,981,733016,733016
44,7.0.0.95,49154,1.0.0.2,9,13.8256,18.1581,4.3325,1422.76,1353.05,1353.05,16.0226,2.19004,2.58964,97.4104,1004,978,770512,732760
47,7.0.0.27,49155,1.0.0.2,9,13.9296,18.1556,4.226,1387.53,1387.53,1387.53,13.3584,1.30214,0,100,980,980,732964,732964
49,7.0.0.63,49153,1.0.0.2,9,13.9656,18.1556,4.19,1398.37,1398.37,1398.37,11.8741,1.16717,0,100,971,971,732396,732396
51,7.0.0.24,49153,1.0.0.2,9,13.9816,18.1591,4.1775,1401.86,1401.86,1401.86,12.2277,1.22132,0,100,964,964,732032,732032
53,7.0.0.28,49154,1.0.0.2,9,13.9916,18.1556,4.164,1407.59,1407.59,1407.59,13.0624,1.29739,0,100,974,974,732652,732652
55,7.0.0.149,49153,1.0.0.2,9,18.1531,23.1571,5.004,1171.39,1171.39,1171.39,12.6363,1.25796,0,100,975,975,732704,732704
56,7.0.0.13,49154,1.0.0.2,9,18.1551,23.1571,5.002,1171.94,1171.94,1171.94,12.4082,1.22959,0,100,976,976,732756,732756
59,7.0.0.73,49153,1.0.0.2,9,18.1831,23.1571,4.974,1178.87,1178.87,1178.87,17.5966,1.04194,0,100,980,980,732964,732964
60,7.0.0.66,49154,1.0.0.2,9,18.1951,0,0,0,0,0,0,0,100,0,3,0,164,0
62,7.0.0.65,49153,1.0.0.2,9,18.2421,23.1581,4.916,1267.64,1191.94,1191.94,19.7768,1.83819,3.28358,96.7164,1005,972,778964,732448
64,7.0.0.40,49153,1.0.0.2,9,18.3481,19.8471,1.499,195.95,56.0802,56.0802,5.30864,1.28685,71.3881,28.6119,706,202,36716,10508
66,7.0.0.51,49153,1.0.0.2,9,23.1601,27.7076,4.5475,1281.02,1281.02,1281.02,10.5065,1.04317,0,100,888,888,728180,728180
68,7.0.0.72,49154,1.0.0.2,9,23.1911,27.7061,4.515,1326.38,1298.08,1298.08,24.6554,1.83921,1.11562,98.8844,986,975,748576,732604
70,7.0.0.28,49155,1.0.0.2,9,23.2651,27.7061,4.441,1319.99,1319.99,1319.99,29.2555,1.24497,0,100,978,978,732760,732760
71,7.0.0.34,49153,1.0.0.2,9,23.2741,27.7061,4.432,1333.06,1322.58,1322.58,43.138,1.34354,0.407747,99.5923,981,977,738516,732708
72,7.0.0.139,49153,1.0.0.2,9,23.2821,28.1555,4.87346,1245.85,1202.94,1202.94,21.554,1.54103,1.80542,98.1946,997,979,758948,732812
76,7.0.0.13,49155,1.0.0.2,9,23.3331,27.7076,4.3745,1424.15,1331.21,1331.21,10.7767,1.40113,3.80435,96.1957,920,885,778744,727924
78,7.0.0.135,49153,1.0.0.2,9,27.7196,32.7075,4.98796,1167.98,1167.98,1167.98,11.7472,1.10402,0,100,889,889,728232,728232
80,7.0.0.82,49153,1.0.0.2,9,27.7526,32.706,4.95346,1199.93,1183.51,1183.51,8.52558,1.35284,0.709939,99.2901,986,979,742976,732812
82,7.0.0.24,49154,1.0.0.2,9,27.8386,32.7086,4.87,1203.88,1203.88,1203.88,18.4244,0.830586,0,100,978,978,732860,732860
84,7.0.0.10,49153,1.0.0.2,9,27.8786,32.5351,4.6565,91.0899,58.6604,58.6604,5.6529,1.35954,2.55906,97.4409,508,495,53020,34144
85,7.0.0.72,49155,1.0.0.2,9,27.8816,32.7075,4.82596,1240.72,1207.02,1207.02,16.8195,1.62536,1.55383,98.4462,901,887,748456,728128
88,7.0.0.144,49153,1.0.0.2,9,27.8976,32.706,4.80846,1250.61,1219.12,1219.12,11.5378,1.93483,1.41129,98.5887,992,978,751688,732760
90,7.0.0.108,49153,1.0.0.2,9,32.7026,37.7076,5.005,1171.57,1171.57,1171.57,11.2884,1.11973,0,100,980,980,732964,732964
91,7.0.0.3,49153,1.0.0.2,9,32.7076,37.7061,4.9985,1228.63,1172.85,1172.85,14.934,2.1375,2.39282,97.6072,1003,979,767660,732812
94,7.0.0.142,49153,1.0.0.2,9,32.7776,37.7061,4.9285,1189.84,1189.84,1189.84,13.1306,1.22254,0,100,981,981,733016,733016
96,7.0.0.62,49153,1.0.0.2,9,32.7996,37.8066,5.007,618.302,560.304,560.304,13.2052,4.04439,3.38753,96.6125,738,713,386980,350680
97,7.0.0.117,49153,1.0.0.2,9,32.8076,37.7061,4.8985,1197.04,1197.04,1197.04,24.1304,1.1649,0,100,980,980,732964,732964
100,7.0.0.95,49155,1.0.0.2,9,32.8776,37.7105,4.83296,409.746,388.115,388.115,8.10808,1.95802,1.40406,98.5959,641,632,247536,234468
102,7.0.0.95,49156,1.0.0.2,9,37.7086,42.7075,4.99896,1218.34,1157.92,1157.92,14.6084,1.41732,3.15152,96.8485,825,799,761304,723552
104,7.0.0.9,49153,1.0.0.2,9,37.7236,42.7075,4.98396,1183.26,1176.27,1176.27,40.08,1.49942,0.305499,99.6945,982,979,737168,732812
105,7.0.0.82,49154,1.0.0.2,9,37.7326,42.7061,4.9735,1207.02,1178.99,1178.99,11.7571,1.45129,1.20968,98.7903,992,980,750388,732964
108,7.0.0.66,49155,1.0.0.2,9,37.7706,0,0,0,0,0,0,0,100,0,3,0,164,0
109,7.0.0.145,49153,1.0.0.2,9,37.8176,42.7075,4.88996,1199.05,1199.05,1199.05,24.1707,1.089,0,100,979,979,732912,732912
111,7.0.0.150,49154,1.0.0.2,9,37.8996,42.7061,4.8065,1219.87,1219.87,1219.87,25.1368,1.28054,0,100,979,979,732912,732912
113,7.0.0.28,49156,1.0.0.2,9,42.7196,46.8486,4.129,1412.07,1412.07,1412.07,12.0215,1.05102,0,100,900,900,728804,728804
115,7.0.0.149,49154,1.0.0.2,9,42.8046,46.847,4.04246,1450.23,1450.23,1450.23,14.5057,1.01048,0,100,979,979,732812,732812
117,7.0.0.117,49154,1.0.0.2,9,42.8476,46.847,3.99946,1465.82,1465.82,1465.82,30.0126,1.33565,0,100,979,979,732812,732812
118,7.0.0.62,49154,1.0.0.2,9,42.8526,46.8526,4,1500.47,1468.53,1468.53,9.99888,1.78725,1.10999,98.89,991,980,750236,734264
119,7.0.0.45,49154,1.0.0.2,9,42.8626,46.847,3.98446,1471.34,1471.34,1471.34,29.8087,1.37876,0,100,979,979,732812,732812
123,7.0.0.9,49154,1.0.0.2,9,42.8996,46.8486,3.949,1476.22,1476.22,1476.22,9.39308,1.04617,0,100,898,898,728700,728700
125,7.0.0.150,49155,1.0.0.2,9,46.8946,50.5926,3.698,1585.2,1585.2,1585.2,12.8199,1.46125,0,100,976,976,732756,732756
127,7.0.0.45,49155,1.0.0.2,9,46.9086,50.5926,3.684,1591.78,1591.78,1591.78,11.7088,1.44232,0,100,981,981,733016,733016
129,7.0.0.9,49155,1.0.0.2,9,46.9426,50.5926,3.65,1603.08,1603.08,1603.08,12.1084,1.53312,0,100,950,950,731404,731404
131,7.0.0.52,49154,1.0.0.2,9,46.9626,50.5976,3.635,1612.79,1612.79,1612.79,14.6951,1.38495,0,100,979,979,732812,732812
133,7.0.0.135,49154,1.0.0.2,9,47.0026,50.5976,3.595,1630.74,1630.74,1630.74,14.6944,1.40064,0,100,979,979,732812,732812
135,7.0.0.13,49156,1.0.0.2,9,47.0326,50.5926,3.56,1644.32,1644.32,1644.32,30.1839,1.26812,0,100,958,958,731720,731720
137,7.0.0.45,49156,1.0.0.2,9,50.66,55.594,4.934,1188.26,1188.26,1188.26,10.2733,1.08891,0,100,978,978,732860,732860
139,7.0.0.24,49155,1.0.0.2,9,50.667,55.594,4.927,1265.31,1189.87,1189.87,21.1748,2.13329,3.17146,96.8285,1009,977,779272,732808
141,7.0.0.131,49153,1.0.0.2,9,50.678,55.5926,4.91453,1193.14,1193.14,1193.14,26.4387,1.31096,0,100,980,980,732964,732964
142,7.0.0.88,49154,1.0.0.2,9,50.682,55.5926,4.91053,1192.58,1192.58,1192.58,26.2585,1.27467,0,100,962,962,732028,732028
145,7.0.0.11,49153,1.0.0.2,9,50.737,59.3556,8.61853,0.196785,0.148517,0.148517,43.1886,92.0151,25,75,4,3,212,160
147,7.0.0.95,49157,1.0.0.2,9,50.761,55.5926,4.83153,1254.25,1213.38,1213.38,9.97779,2.00397,1.70683,98.2932,996,979,757496,732812
149,7.0.0.34,49154,1.0.0.2,9,55.598,59.3446,3.74653,1595.99,1564.66,1564.66,18.2335,1.78924,1.11449,98.8855,987,976,747428,732756
150,7.0.0.132,49154,1.0.0.2,9,55.612,59.3431,3.73103,1571.61,1571.61,1571.61,14.032,1.33775,0,100,980,980,732964,732964
152,7.0.0.27,49156,1.0.0.2,9,55.622,59.3431,3.72103,1575.61,1575.61,1575.61,15.2289,1.6109,0,100,980,980,732864,732864
153,7.0.0.5,49153,1.0.0.2,9,55.622,59.347,3.725,1571.7,1571.7,1571.7,16.2635,1.52536,0,100,960,960,731824,731824
157,7.0.0.144,49154,1.0.0.2,9,55.678,59.3431,3.66503,1599.58,1599.58,1599.58,15.3426,1.63229,0,100,979,979,732812,732812
159,7.0.0.131,49154,1.0.0.2,9,55.784,59.3431,3.55903,1643.58,1643.58,1643.58,12.4292,1.40265,0,100,946,946,731196,731196
161,7.0.0.149,49155,1.0.0.2,9,59.4326,64.3446,4.912,1192.57,1192.57,1192.57,13.278,1.59651,0,100,966,966,732236,732236
163,7.0.0.27,49157,1.0.0.2,9,59.4776,64.3446,4.867,1204.79,1204.79,1204.79,11.7381,1.48043,0,100,980,980,732964,732964
165,7.0.0.88,49155,1.0.0.2,9,59.4856,64.3431,4.8575,1207.15,1207.15,1207.15,12.0264,1.19648,0,100,980,980,732964,732964
166,7.0.0.132,49155,1.0.0.2,9,59.5036,64.3446,4.841,1211,1211,1211,12.9982,1.53153,0,100,977,977,732808,732808
169,7.0.0.72,49156,1.0.0.2,9,59.5126,63.061,3.54846,179.503,136.947,136.947,6.83246,2.05578,2.55906,97.4409,508,495,79620,60744
171,7.0.0.73,49154,1.0.0.2,9,59.5296,64.3431,4.8135,1218.18,1218.18,1218.18,23.2493,1.21195,0,100,980,980,732964,732964
173,7.0.0.145,49154,1.0.0.2,9,64.3836,68.3101,3.9265,1499.6,1490.72,1490.72,15.7838,1.32892,0.313152,99.6868,958,955,736020,731664
175,7.0.0.138,49153,1.0.0.2,9,64.4296,68.3101,3.8805,1510.76,1510.76,1510.76,15.7665,1.56128,0,100,979,979,732812,732812
176,7.0.0.52,49155,1.0.0.2,9,64.4396,68.3101,3.8705,1514.66,1514.66,1514.66,15.8175,1.53061,0,100,979,979,732812,732812
177,7.0.0.149,49156,1.0.0.2,9,64.4446,68.3101,3.8655,1516.83,1516.83,1516.83,10.9474,1.28402,0,100,979,979,732912,732912
180,7.0.0.5,49154,1.0.0.2,9,64.4496,68.314,3.86446,1515.2,1515.2,1515.2,16.7623,1.53609,0,100,962,962,731928,731928
183,7.0.0.72,49157,1.0.0.2,9,64.4996,68.3101,3.8105,1663.61,1538.62,1538.62,18.208,2.25699,4.01567,95.9843,1021,980,792396,732864
185,7.0.0.27,49158,1.0.0.2,9,68.3496,73.3116,4.962,1166.47,1166.47,1166.47,9.9192,0.855399,0,100,798,798,723500,723500
187,7.0.0.88,49156,1.0.0.2,9,68.3756,73.3101,4.9345,1188.39,1188.39,1188.39,26.5781,1.51168,0,100,981,981,733016,733016
189,7.0.0.59,49154,1.0.0.2,9,68.4326,73.313,4.88046,1236.3,1191.07,1191.07,9.38051,1.65721,2.16155,97.8385,879,860,754212,726624
191,7.0.0.132,49156,1.0.0.2,9,68.4626,73.3101,4.8475,1209.64,1209.64,1209.64,34.8893,1.35966,0,100,980,980,732964,732964
193,7.0.0.69,49154,1.0.0.2,9,68.4826,73.3101,4.8275,1214.73,1214.73,1214.73,27.0521,1.57025,0,100,981,981,733016,733016
194,7.0.0.117,49155,1.0.0.2,9,68.4876,73.3101,4.8225,1215.91,1215.91,1215.91,24.7228,1.54777,0,100,980,980,732964,732964
197,7.0.0.2,49153,1.0.0.2,9,73.3736,75.1946,1.82101,320.403,199.204,199.204,8.83034,1.85933,3.6965,96.3035,514,495,72932,45344
198,7.0.0.140,49153,1.0.0.2,9,73.3766,78.3116,4.935,1188.19,1188.19,1188.19,11.6188,1.27109,0,100,980,980,732964,732964
200,7.0.0.52,49156,1.0.0.2,9,73.3856,78.3101,4.9245,1190.81,1190.81,1190.81,14.1326,1.50791,0,100,981,981,733016,733016
203,7.0.0.84,49153,1.0.0.2,9,73.4096,78.3101,4.9005,1196.64,1196.64,1196.64,14.087,1.50245,0,100,981,981,733016,733016
205,7.0.0.117,49156,1.0.0.2,9,73.4486,78.3116,4.863,1205.78,1205.78,1205.78,10.6441,1.19997,0,100,980,980,732964,732964
207,7.0.0.149,49157,1.0.0.2,9,73.4686,78.3101,4.8415,1209.59,1209.59,1209.59,23.1247,1.30481,0,100,962,962,732028,732028
209,7.0.0.27,49159,1.0.0.2,9,78.3336,83.3116,4.978,1176.51,1176.51,1176.51,10.7875,1.19817,0,100,963,963,732080,732080
211,7.0.0.149,49158,1.0.0.2,9,78.3646,83.3116,4.947,1183.79,1183.79,1183.79,10.1322,1.21552,0,100,962,962,732028,732028
213,7.0.0.138,49154,1.0.0.2,9,78.4056,83.3101,4.9045,1195.58,1195.58,1195.58,30.4586,1.33178,0,100,980,980,732964,732964
215,7.0.0.65,49154,1.0.0.2,9,78.4856,82.9336,4.448,284.504,234.885,234.885,11.627,2.14282,3.36283,96.6372,565,546,158184,130596
216,7.0.0.150,49156,1.0.0.2,9,78.4976,83.3101,4.8125,1218.01,1218.01,1218.01,19.4711,1.1064,0,100,977,977,732708,732708
217,7.0.0.132,49157,1.0.0.2,9,78.5006,83.3101,4.8095,1219.19,1219.19,1219.19,30.2694,1.29768,0,100,980,980,732964,732964
221,7.0.0.28,49157,1.0.0.2,9,83.3796,88.3116,4.932,1188.66,1188.66,1188.66,15.1606,1.54777,0,100,977,977,732808,732808
223,7.0.0.72,49158,1.0.0.2,9,83.3916,88.3116,4.92,1264.76,1191.56,1191.56,34.379,1.97813,3.06931,96.9307,1010,979,777824,732812
225,7.0.0.81,49154,1.0.0.2,9,83.4046,88.3101,4.9055,1195.33,1195.33,1195.33,11.9486,1.18351,0,100,980,980,732964,732964
226,7.0.0.144,49155,1.0.0.2,9,83.4086,88.3101,4.9015,1201.05,1196.31,1196.31,15.3123,1.28221,0.203666,99.7963,982,980,735868,732964
229,7.0.0.66,49156,1.0.0.2,9,83.4376,0,0,0,0,0,0,0,100,0,3,0,164,0
230,7.0.0.132,49158,1.0.0.2,9,83.4706,88.3116,4.841,1210.75,1210.75,1210.75,14.0917,1.61767,0,100,974,974,732652,732652
232,7.0.0.88,49157,1.0.0.2,9,88.3186,93.3131,4.9945,1173.78,1173.78,1173.78,11.9016,1.29791,0,100,977,977,732808,732808
234,7.0.0.144,49156,1.0.0.2,9,88.3306,93.3261,4.9955,1185.34,1173.63,1173.63,12.507,1.64422,0.609756,99.3902,984,978,740172,732860
236,7.0.0.13,49157,1.0.0.2,9,88.3506,93.7611,5.4105,1137.89,1084.22,1084.22,10.8228,1.95231,2.46063,97.5394,1016,991,769568,733268
238,7.0.0.28,49158,1.0.0.2,9,88.3716,93.3261,4.9545,1181.5,1181.5,1181.5,11.0911,1.27961,0,100,956,956,731716,731716
240,7.0.0.3,49154,1.0.0.2,9,88.3866,98.1081,9.7215,647.943,602.538,602.538,11.0899,3.39638,3.77358,96.2264,1007,969,787372,732196
241,7.0.0.117,49157,1.0.0.2,9,88.3906,93.31,4.91946,1191.94,1191.94,1191.94,11.5444,1.10256,0,100,980,980,732964,732964
244,7.0.0.43,49153,1.0.0.2,9,93.4186,98.3115,4.89296,1183.26,1183.26,1183.26,12.5957,0.899248,0,100,802,802,723708,723708
245,7.0.0.5,49155,1.0.0.2,9,93.4266,98.3115,4.88496,1198.91,1198.91,1198.91,19.6439,1.05938,0,100,963,963,732080,732080
247,7.0.0.51,49154,1.0.0.2,9,93.4366,98.31,4.87346,1235.88,1202.51,1202.51,10.1749,1.72997,1.41988,98.5801,986,972,752876,732548
250,7.0.0.40,49154,1.0.0.2,9,93.4746,0,0,0,0,0,0,0,100,0,3,0,164,0
251,7.0.0.66,49157,1.0.0.2,9,93.4976,0,0,0,0,0,0,0,100,0,3,0,164,0
252,7.0.0.103,49154,1.0.0.2,9,93.5026,98.3115,4.80896,1219.33,1219.33,1219.33,22.9179,1.13875,0,100,980,980,732964,732964
254,7.0.0.43,49154,1.0.0.2,9,98.3126,103.312,4.999,1172.64,1172.64,1172.64,10.5094,1.07867,0,100,976,976,732756,732756
255,7.0.0.90,49153,1.0.0.2,9,98.3146,99.0275,0.712962,397.396,159.335,159.335,5.66025,1.53225,59.9119,40.0881,681,273,35416,14200
257,7.0.0.51,49155,1.0.0.2,9,98.3286,103.31,4.98146,1276.71,1176.45,1176.45,13.1607,2.74867,4.22812,95.7719,1017,974,794988,732552
260,7.0.0.63,49154,1.0.0.2,9,98.3466,103.31,4.96346,1179.78,1179.78,1179.78,21.9715,1.54009,0,100,961,961,731976,731976
262,7.0.0.117,49158,1.0.0.2,9,98.4076,103.31,4.90246,1196.07,1196.07,1196.07,15.6176,1.54307,0,100,980,980,732964,732964
264,7.0.0.132,49159,1.0.0.2,9,98.4786,103.31,4.83146,1213.65,1213.65,1213.65,15.6295,1.59917,0,100,980,980,732964,732964
266,7.0.0.65,49155,1.0.0.2,9,103.399,108.328,4.929,1353.22,1174.11,1174.11,42.279,2.18155,8.69565,91.3043,874,798,833752,723400
267,7.0.0.10,49154,1.0.0.2,9,103.401,107.818,4.4175,1579.82,1226.61,1226.61,68.0483,2.81191,13.6061,86.3939,1051,908,872356,677320
269,7.0.0.27,49160,1.0.0.2,9,103.437,108.31,4.8735,1203.18,1203.18,1203.18,13.5287,1.31858,0,100,980,980,732964,732964
271,7.0.0.8,49154,1.0.0.2,9,103.451,108.31,4.8595,1206.65,1206.65,1206.65,13.6391,1.31007,0,100,980,980,732964,732964
272,7.0.0.63,49155,1.0.0.2,9,103.452,108.32,4.86796,1203.78,1203.78,1203.78,16.0598,1.63374,0,100,971,971,732496,732496
276,7.0.0.43,49155,1.0.0.2,9,103.505,108.32,4.81496,1217.55,1217.55,1217.55,14.8351,1.60815,0,100,977,977,732808,732808
278,7.0.0.135,49155,1.0.0.2,9,108.336,113.312,4.976,1188.95,1163.27,1163.27,25.6801,1.30607,1.35802,98.642,810,799,739524,723552
279,7.0.0.40,49155,1.0.0.2,9,108.346,0,0,0,0,0,0,0,100,0,3,0,164,0
281,7.0.0.45,49157,1.0.0.2,9,108.394,113.31,4.9165,1192.66,1192.66,1192.66,30.0033,1.36278,0,100,980,980,732964,732964
283,7.0.0.139,49154,1.0.0.2,9,108.442,113.31,4.8685,1251.89,1204.17,1204.17,9.10464,1.67563,2.002,97.998,999,979,761852,732812
285,7.0.0.13,49158,1.0.0.2,9,108.467,113.31,4.8435,1304.17,1210.64,1210.64,48.4592,1.61246,3.82728,96.1727,1019,980,789592,732964
287,7.0.0.81,49155,1.0.0.2,9,108.487,113.312,4.825,1215.28,1215.28,1215.28,18.1762,1.13877,0,100,980,980,732964,732964
289,7.0.0.43,49156,1.0.0.2,9,113.354,117.283,3.92896,1518.41,1491.81,1491.81,18.8186,1.55445,0.913706,99.0863,985,976,745724,732656
290,7.0.0.24,49156,1.0.0.2,9,113.366,117.281,3.9155,1525.65,1495.98,1495.98,8.05205,1.41857,1.02354,98.9765,977,967,746708,732188
293,7.0.0.28,49159,1.0.0.2,9,113.393,117.281,3.8885,1507.65,1507.65,1507.65,13.3454,1.29696,0,100,979,979,732812,732812
294,7.0.0.135,49156,1.0.0.2,9,113.411,117.281,3.8705,1514.98,1514.98,1514.98,10.3358,1.20394,0,100,980,980,732964,732964
297,7.0.0.126,49154,1.0.0.2,9,113.435,117.284,3.8495,1528.85,1522.82,1522.82,13.7545,1.36005,0.204082,99.7959,980,978,735664,732760
299,7.0.0.27,49161,1.0.0.2,9,113.48,117.281,3.8015,1540.29,1540.29,1540.29,25.1602,1.14642,0,100,962,962,731928,731928
301,7.0.0.40,49156,1.0.0.2,9,117.282,0,0,0,0,0,0,0,100,0,3,0,164,0
302,7.0.0.108,49154,1.0.0.2,9,117.286,122.281,4.9955,1188.87,1158.64,1158.64,13.9474,1.93574,1.60296,98.397,811,798,742376,723500
304,7.0.0.95,49158,1.0.0.2,9,117.307,122.281,4.9745,1173.99,1173.99,1173.99,34.5887,1.43529,0,100,923,923,730000,730000
306,7.0.0.150,49157,1.0.0.2,9,117.32,122.281,4.9615,1181.84,1181.84,1181.84,26.9505,1.61788,0,100,980,980,732964,732964
308,7.0.0.45,49158,1.0.0.2,9,117.352,122.283,4.931,1217.18,1188.91,1188.91,30.8897,1.78448,1.2109,98.7891,991,979,750236,732812
310,7.0.0.9,49156,1.0.0.2,9,117.449,122.281,4.8325,1217.68,1212.88,1212.88,21.1334,1.56329,0.204918,99.7951,976,974,735556,732652
312,7.0.0.69,49155,1.0.0.2,9,122.324,127.289,4.96496,1170.46,1170.46,1170.46,10.8135,0.927544,0,100,854,854,726412,726412
314,7.0.0.140,49154,1.0.0.2,9,122.407,127.281,4.87446,1202.95,1202.95,1202.95,21.5634,1.05936,0,100,980,980,732964,732964
315,7.0.0.108,49155,1.0.0.2,9,122.419,123.672,1.2535,2347.09,1867.95,1867.95,22.2368,1.77322,39.7321,60.2679,896,540,367760,292684
318,7.0.0.62,49155,1.0.0.2,9,122.432,127.512,5.0805,1189.6,1155.31,1155.31,10.067,1.61822,1.47638,98.5236,1016,1001,755472,733692
319,7.0.0.34,49155,1.0.0.2,9,122.434,127.281,4.84746,1226.42,1209.65,1209.65,10.268,1.36025,0.70922,99.2908,987,980,743128,732964
322,7.0.0.8,49155,1.0.0.2,9,122.476,127.281,4.80546,1220.22,1220.22,1220.22,22.91,0.931555,0,100,980,980,732964,732964
324,7.0.0.73,49155,1.0.0.2,9,127.321,132.283,4.962,1181.3,1181.3,1181.3,14.4107,1.25159,0,100,975,975,732704,732704
326,7.0.0.144,49157,1.0.0.2,9,127.337,132.283,4.946,1269.51,1184.96,1184.96,45.0656,1.73441,3.56789,96.4321,1009,973,784872,732600
327,7.0.0.88,49158,1.0.0.2,9,127.339,132.281,4.9425,1186.39,1186.39,1186.39,13.0461,1.33205,0,100,980,980,732964,732964
328,7.0.0.65,49156,1.0.0.2,9,127.34,128.747,1.407,77.7825,33.4328,33.4328,22.4123,2.67437,57.0342,42.9658,263,113,13680,5880
332,7.0.0.81,49156,1.0.0.2,9,127.434,132.281,4.8475,1209.64,1209.64,1209.64,13.0173,1.3516,0,100,980,980,732964,732964
334,7.0.0.69,49156,1.0.0.2,9,127.462,132.283,4.821,1216.29,1216.29,1216.29,11.2655,1.3086,0,100,980,980,732964,732964
336,7.0.0.72,49159,1.0.0.2,9,132.294,136.056,3.762,1642.03,1552.49,1552.49,31.99,1.74891,3.03665,96.9634,955,926,772164,730056
338,7.0.0.5,49156,1.0.0.2,9,132.345,136.075,3.7305,1571.39,1571.39,1571.39,18.8462,1.28112,0,100,978,978,732760,732760
339,7.0.0.63,49156,1.0.0.2,9,132.348,136.076,3.72846,1572.36,1572.36,1572.36,18.78,1.31559,0,100,979,979,732812,732812
341,7.0.0.84,49154,1.0.0.2,9,132.353,136.054,3.7015,1583.82,1583.82,1583.82,32.9267,1.34182,0,100,979,979,732812,732812
344,7.0.0.81,49157,1.0.0.2,9,132.411,136.056,3.645,1602.42,1602.42,1602.42,10.6786,1.13183,0,100,925,925,730104,730104
346,7.0.0.149,49159,1.0.0.2,9,132.434,136.054,3.6205,1619.37,1619.37,1619.37,32.9732,1.3497,0,100,980,980,732864,732864
348,7.0.0.111,49153,1.0.0.2,9,136.05,141.054,5.0045,1233.36,1167.87,1167.87,17.4751,2.70755,3.50515,96.4948,970,936,771544,730576
350,7.0.0.113,49153,1.0.0.2,9,136.061,141.056,4.99496,1171.01,1171.01,1171.01,11.9725,1.06852,0,100,945,945,731144,731144
352,7.0.0.142,49154,1.0.0.2,9,136.089,141.054,4.9655,1180.97,1180.97,1180.97,31.9809,1.5599,0,100,981,981,733016,733016
354,7.0.0.90,49154,1.0.0.2,9,136.123,0,0,0,0,0,0,0,100,0,3,0,164,0
355,7.0.0.27,49162,1.0.0.2,9,136.178,141.054,4.8765,1200.82,1200.82,1200.82,29.1082,1.59579,0,100,961,961,731976,731976
357,7.0.0.132,49160,1.0.0.2,9,136.195,141.054,4.8595,1206.65,1206.65,1206.65,32.0982,1.64415,0,100,980,980,732964,732964
359,7.0.0.52,49157,1.0.0.2,9,141.106,144.594,3.4885,1679.8,1679.8,1679.8,11.7725,1.27848,0,100,971,971,732496,732496
361,7.0.0.138,49155,1.0.0.2,9,141.133,144.594,3.4615,1692.78,1692.78,1692.78,11.5172,1.23739,0,100,970,970,732444,732444
363,7.0.0.84,49155,1.0.0.2,9,141.16,144.594,3.4345,1706.94,1706.94,1706.94,30.1425,1.43969,0,100,979,979,732812,732812
365,7.0.0.10,49155,1.0.0.2,9,141.18,144.613,3.4335,1703.46,1703.46,1703.46,18.5677,0.863626,0,100,920,920,731104,731104
367,7.0.0.5,49157,1.0.0.2,9,141.209,144.594,3.3855,1729.19,1729.19,1729.19,22.2647,1.2308,0,100,959,959,731772,731772
369,7.0.0.73,49156,1.0.0.2,9,141.225,144.594,3.3695,1739.87,1739.87,1739.87,29.9676,1.37842,0,100,979,979,732812,732812
371,7.0.0.26,49153,1.0.0.2,9,144.635,148.976,4.34153,1333.17,1333.17,1333.17,10.5137,0.8632,0,100,798,798,723500,723500
373,7.0.0.45,49159,1.0.0.2,9,144.697,148.975,4.27803,1370.37,1370.37,1370.37,44.9659,1.81467,0,100,979,979,732812,732812
375,7.0.0.150,49158,1.0.0.2,9,144.706,148.975,4.26903,1373.26,1373.26,1373.26,45.1076,1.86358,0,100,979,979,732812,732812
377,7.0.0.117,49159,1.0.0.2,9,144.75,148.975,4.22503,1387.66,1387.66,1387.66,43.1201,1.88494,0,100,980,980,732864,732864
378,7.0.0.62,49156,1.0.0.2,9,144.76,149.594,4.8345,1491.35,1212.64,1212.64,44.938,2.30511,10.5936,89.4064,1095,979,901244,732812
380,7.0.0.69,49157,1.0.0.2,9,144.774,148.975,4.20103,1395.59,1395.59,1395.59,42.5883,1.87394,0,100,980,980,732864,732864
383,7.0.0.63,49157,1.0.0.2,9,149.072,153.828,4.756,1231.25,1231.25,1231.25,15.8423,1.49198,0,100,961,961,731976,731976
384,7.0.0.131,49155,1.0.0.2,9,149.077,153.828,4.751,1234.21,1234.21,1234.21,15.6752,1.57245,0,100,980,980,732964,732964
386,7.0.0.73,49157,1.0.0.2,9,149.081,153.828,4.747,1235.25,1235.25,1235.25,15.5134,1.53746,0,100,980,980,732964,732964
389,7.0.0.136,49154,1.0.0.2,9,149.109,153.975,4.86553,1247.62,1204.65,1204.65,12.3222,1.95449,1.81087,98.1891,994,976,758792,732656
390,7.0.0.8,49156,1.0.0.2,9,149.113,153.827,4.71353,1244.02,1244.02,1244.02,11.3206,1.07545,0,100,980,980,732964,732964
393,7.0.0.145,49155,1.0.0.2,9,149.138,153.827,4.68853,1268.93,1234.24,1234.24,17.6639,1.36917,1.72626,98.2737,811,797,743676,723348
395,7.0.0.140,49155,1.0.0.2,9,153.826,157.82,3.9935,1468.11,1468.11,1468.11,11.7967,1.24842,0,100,978,978,732860,732860
396,7.0.0.5,49158,1.0.0.2,9,153.834,157.82,3.9855,1470.74,1470.74,1470.74,10.7496,1.2891,0,100,975,975,732704,732704
399,7.0.0.9,49157,1.0.0.2,9,153.868,157.818,3.9495,1484.36,1484.36,1484.36,28.9126,1.24664,0,100,979,979,732812,732812
400,7.0.0.28,49160,1.0.0.2,9,153.885,157.818,3.9325,1490.78,1490.78,1490.78,29.2354,1.32695,0,100,979,979,732812,732812
403,7.0.0.69,49158,1.0.0.2,9,153.907,157.818,3.9105,1499.17,1499.17,1499.17,14.2099,1.32403,0,100,979,979,732812,732812
405,7.0.0.11,49154,1.0.0.2,9,153.948,157.821,3.8725,1612.87,1512.81,1512.81,25.7494,2.26635,4.24901,95.751,1012,969,780728,732292
407,7.0.0.10,49156,1.0.0.2,9,157.893,162.818,4.92454,1227.15,1175.26,1175.26,12.5922,2.61352,2.67966,97.3203,821,799,755396,723452
409,7.0.0.138,49156,1.0.0.2,9,157.932,162.818,4.88554,1200.3,1200.3,1200.3,31.6519,1.14313,0,100,981,981,733016,733016
411,7.0.0.8,49157,1.0.0.2,9,157.943,162.818,4.87454,1202.93,1202.93,1202.93,20.5368,1.43736,0,100,980,980,732964,732964
412,7.0.0.132,49161,1.0.0.2,9,157.959,162.818,4.85854,1206.89,1206.89,1206.89,20.0658,1.35202,0,100,980,980,732964,732964
415,7.0.0.145,49156,1.0.0.2,9,157.98,162.818,4.83754,1245.75,1212.13,1212.13,39.8157,1.31815,1.40845,98.5915,994,980,753292,732964
417,7.0.0.62,49157,1.0.0.2,9,157.986,159.938,1.95204,200.619,97.1949,97.1949,7.71663,1.58379,10.7632,89.2368,511,456,48952,23716
419,7.0.0.11,49155,1.0.0.2,9,162.851,167.819,4.96754,1143.33,1033.43,1033.43,12.9175,2.43569,4.97354,95.0265,945,898,709944,641700
421,7.0.0.149,49160,1.0.0.2,9,162.869,167.821,4.9515,1184.31,1184.31,1184.31,14.5069,1.37163,0,100,981,981,733016,733016
423,7.0.0.132,49162,1.0.0.2,9,162.89,167.821,4.9305,1189.27,1189.27,1189.27,12.8282,1.39313,0,100,980,980,732964,732964
425,7.0.0.81,49158,1.0.0.2,9,162.903,167.819,4.91604,1192.77,1192.77,1192.77,12.8836,1.31632,0,100,980,980,732964,732964
427,7.0.0.62,49158,1.0.0.2,9,162.995,0,0,0,0,0,0,0,100,0,3,0,164,0
428,7.0.0.72,49160,1.0.0.2,9,163.002,167.819,4.81704,1241.4,1217.29,1217.29,21.1449,1.65847,1.0101,98.9899,990,980,747484,732964
430,7.0.0.84,49156,1.0.0.2,9,167.834,172.298,4.46404,1311.77,1311.77,1311.77,11.0858,1.1943,0,100,961,961,731976,731976
432,7.0.0.149,49161,1.0.0.2,9,167.873,172.298,4.42504,1323.15,1323.15,1323.15,9.70656,1.13664,0,100,959,959,731872,731872
434,7.0.0.8,49158,1.0.0.2,9,167.934,172.297,4.36254,1343.83,1343.83,1343.83,26.391,1.35825,0,100,979,979,732812,732812
436,7.0.0.136,49155,1.0.0.2,9,167.97,172.3,4.33,1386.12,1353.93,1353.93,8.92052,1.40862,1.2109,98.7891,991,979,750236,732812
438,7.0.0.13,49159,1.0.0.2,9,167.979,172.297,4.31754,1357.83,1357.83,1357.83,25.0766,1.26239,0,100,979,979,732812,732812
439,7.0.0.142,49155,1.0.0.2,9,167.984,172.297,4.31254,1359.41,1359.41,1359.41,13.93,1.19688,0,100,979,979,732812,732812
442,7.0.0.52,49158,1.0.0.2,9,172.311,177.298,4.987,1175.63,1175.63,1175.63,12.0788,1.23048,0,100,978,978,732860,732860
443,7.0.0.26,49154,1.0.0.2,9,172.323,173.056,0.732996,380.291,178.817,178.817,5.56909,1.58313,52.9851,47.0149,670,315,34844,16384
446,7.0.0.145,49157,1.0.0.2,9,172.342,177.297,4.9545,1221.03,1183.51,1183.51,17.0709,1.53248,1.60643,98.3936,996,980,756196,732964
448,7.0.0.142,49156,1.0.0.2,9,172.402,177.298,4.896,1196.04,1196.04,1196.04,10.6855,1.12986,0,100,961,961,731976,731976
450,7.0.0.49,49153,1.0.0.2,9,172.448,175.758,3.31,167.618,132.525,132.525,7.73317,2.23265,2.00401,97.996,499,489,69352,54832
452,7.0.0.144,49158,1.0.0.2,9,172.474,177.297,4.8225,1275.87,1215.66,1215.66,15.5963,2.19621,2.49004,97.51,1004,979,769112,732812
454,7.0.0.11,49156,1.0.0.2,9,177.321,182.299,4.97796,1230.43,1179.1,1179.1,37.662,2.13398,2.22447,97.7755,989,967,765632,733688
456,7.0.0.52,49159,1.0.0.2,9,177.349,182.299,4.94996,1183.25,1183.25,1183.25,10.5671,1.1333,0,100,964,964,732132,732132
458,7.0.0.3,49155,1.0.0.2,9,177.404,182.299,4.89496,1264.95,1196.13,1196.13,42.8533,1.88673,2.92929,97.0707,990,961,773984,731876
460,7.0.0.40,49157,1.0.0.2,9,177.44,0,0,0,0,0,0,0,100,0,3,0,164,0
461,7.0.0.5,49159,1.0.0.2,9,177.473,182.312,4.8385,1210.68,1210.68,1210.68,11.5814,1.18917,0,100,966,966,732236,732236
463,7.0.0.65,49157,1.0.0.2,9,177.489,0,0,0,0,0,0,0,100,0,3,0,164,0
464,7.0.0.138,49157,1.0.0.2,9,182.293,185.996,3.70296,1563.3,1563.3,1563.3,11.3963,0.862742,0,100,800,800,723604,723604
466,7.0.0.72,49161,1.0.0.2,9,182.322,188.297,5.9745,1033.82,981.323,981.323,26.8188,1.96975,2.68123,97.3188,1007,980,772068,732864
468,7.0.0.28,49161,1.0.0.2,9,182.348,185.995,3.6465,1607.71,1607.71,1607.71,26.3897,1.68227,0,100,979,979,732812,732812
470,7.0.0.13,49160,1.0.0.2,9,182.376,185.995,3.6185,1626.57,1620.15,1620.15,20.577,1.03649,0.203874,99.7961,981,979,735716,732812
472,7.0.0.81,49159,1.0.0.2,9,182.438,185.995,3.5565,1648.39,1648.39,1648.39,23.8592,1.56332,0,100,979,979,732812,732812
473,7.0.0.73,49158,1.0.0.2,9,182.455,185.995,3.5395,1656.31,1656.31,1656.31,23.7559,1.59496,0,100,979,979,732812,732812
476,7.0.0.82,49155,1.0.0.2,9,186.009,191.009,5.00003,1246.04,1157.76,1157.76,15.2304,1.61408,4.53461,95.4654,838,800,778780,723604
478,7.0.0.131,49156,1.0.0.2,9,186.09,190.995,4.90453,1195.57,1195.57,1195.57,31.4775,1.16211,0,100,980,980,732964,732964
480,7.0.0.140,49156,1.0.0.2,9,186.115,190.995,4.87953,1201.7,1201.7,1201.7,31.4158,1.16087,0,100,980,980,732964,732964
482,7.0.0.51,49156,1.0.0.2,9,186.141,190.999,4.85753,1302.63,1206.8,1206.8,18.9445,2.24405,4.11765,95.8824,1020,978,790944,732760
484,7.0.0.98,49153,1.0.0.2,9,186.18,187.198,1.01803,212.52,65.821,65.821,5.83449,1.21637,69.0385,30.9615,520,161,27044,8376
485,7.0.0.59,49155,1.0.0.2,9,186.186,193.616,7.43003,836.088,790.694,790.694,8.94689,1.60749,2.94118,97.0588,1020,990,776520,734360
488,7.0.0.11,49157,1.0.0.2,9,191.024,195.996,4.97203,1200.37,1179.34,1179.34,11.0695,1.82537,0.91001,99.09,989,980,746032,732964
489,7.0.0.13,49161,1.0.0.2,9,191.028,195.996,4.96803,1180.29,1180.29,1180.29,14.3718,1.10755,0,100,980,980,732964,732964
492,7.0.0.103,49155,1.0.0.2,9,191.046,195.996,4.95003,1169.37,1169.37,1169.37,11.8917,0.914785,0,100,799,799,723552,723552
494,7.0.0.98,49154,1.0.0.2,9,191.093,0,0,0,0,0,0,0,100,0,3,0,164,0
495,7.0.0.66,49158,1.0.0.2,9,191.111,0,0,0,0,0,0,0,100,0,3,0,164,0
496,7.0.0.62,49159,1.0.0.2,9,191.115,0,0,0,0,0,0,0,100,0,3,0,164,0
497,7.0.0.72,49162,1.0.0.2,9,196.018,200.996,4.97803,1177.25,1177.25,1177.25,12.1842,1.26548,0,100,972,972,732548,732548
498,7.0.0.150,49159,1.0.0.2,9,196.021,200.996,4.97503,1177.88,1177.88,1177.88,11.9839,1.25224,0,100,971,971,732496,732496
500,7.0.0.95,49159,1.0.0.2,9,196.039,200.995,4.95553,1183.27,1183.27,1183.27,11.7108,1.164,0,100,980,980,732964,732964
503,7.0.0.59,49156,1.0.0.2,9,196.141,200.391,4.25004,785.823,755.758,755.758,8.2352,2.15628,1.44928,98.5507,759,748,417472,401500
505,7.0.0.62,49160,1.0.0.2,9,196.172,0,0,0,0,0,0,0,100,0,3,0,164,0
506,7.0.0.28,49162,1.0.0.2,9,196.186,200.996,4.81003,1217.5,1217.5,1217.5,24.2227,1.11599,0,100,962,962,732028,732028
508,7.0.0.73,49159,1.0.0.2,9,200.994,205.996,5.00204,1157.3,1157.3,1157.3,11.8309,0.87823,0,100,800,800,723604,723604
510,7.0.0.43,49157,1.0.0.2,9,201.026,205.995,4.9685,1214.83,1179.76,1179.76,17.1633,1.61054,1.51515,98.4848,990,975,754484,732704
512,7.0.0.24,49157,1.0.0.2,9,201.098,205.167,4.06904,261.526,178.739,178.739,15.0689,3.78577,6.33188,93.6681,458,429,133020,90912
514,7.0.0.142,49157,1.0.0.2,9,201.17,205.995,4.8245,1215.4,1215.4,1215.4,31.2986,1.83003,0,100,980,980,732964,732964
515,7.0.0.45,49160,1.0.0.2,9,201.176,205.995,4.8185,1216.92,1216.92,1216.92,30.9091,1.78518,0,100,980,980,732964,732964
516,7.0.0.5,49160,1.0.0.2,9,201.183,205.995,4.8115,1218.69,1218.69,1218.69,42.2043,1.6588,0,100,980,980,732964,732964
520,7.0.0.149,49162,1.0.0.2,9,206.027,210.996,4.96904,1164.81,1164.81,1164.81,10.8696,0.835966,0,100,798,798,723500,723500
522,7.0.0.136,49156,1.0.0.2,9,206.056,210.995,4.93853,1224.64,1187.01,1187.01,13.0357,1.74175,1.60966,98.3903,994,978,755992,732760
524,7.0.0.59,49157,1.0.0.2,9,206.067,211.004,4.93704,481.105,415.226,415.226,10.1762,2.60683,4.14815,95.8519,675,647,296904,256248
525,7.0.0.66,49159,1.0.0.2,9,206.068,0,0,0,0,0,0,0,100,0,3,0,164,0
526,7.0.0.95,49160,1.0.0.2,9,206.161,210.996,4.83504,1212.75,1212.75,1212.75,22.1999,1.07611,0,100,980,980,732964,732964
527,7.0.0.82,49156,1.0.0.2,9,206.166,210.995,4.82853,1238.44,1216.79,1216.79,30.3872,1.57906,0.909091,99.0909,990,981,747484,734416
531,7.0.0.117,49160,1.0.0.2,9,210.993,214.855,3.8615,1518.51,1518.51,1518.51,14.0235,1.50504,0,100,980,980,732964,732964
532,7.0.0.69,49159,1.0.0.2,9,210.993,214.855,3.8615,1518.51,1518.51,1518.51,13.9424,1.56946,0,100,980,980,732964,732964
533,7.0.0.8,49159,1.0.0.2,9,210.999,214.855,3.8555,1518.71,1518.71,1518.71,13.6267,1.48718,0,100,960,960,731924,731924
537,7.0.0.9,49158,1.0.0.2,9,211.061,214.855,3.7935,1544.53,1544.53,1544.53,13.7864,1.26809,0,100,971,971,732396,732396
539,7.0.0.88,49159,1.0.0.2,9,211.081,214.855,3.7735,1553.6,1553.6,1553.6,13.5404,1.33397,0,100,979,979,732812,732812
541,7.0.0.24,49158,1.0.0.2,9,211.17,214.86,3.69,1598.39,1576.35,1576.35,8.82605,1.59099,0.799087,99.2009,876,869,737256,727092
543,7.0.0.132,49163,1.0.0.2,9,214.861,218.276,3.4145,1706.45,1706.45,1706.45,11.9927,1.03483,0,100,891,891,728336,728336
545,7.0.0.52,49160,1.0.0.2,9,214.917,218.274,3.357,1746.35,1746.35,1746.35,23.6939,1.32143,0,100,979,979,732812,732812
547,7.0.0.59,49158,1.0.0.2,9,214.936,218.274,3.338,1736.6,1736.6,1736.6,20.3454,1.03928,0,100,821,821,724596,724596
549,7.0.0.84,49157,1.0.0.2,9,214.977,218.274,3.297,1775.86,1775.86,1775.86,32.0377,1.26213,0,100,961,961,731876,731876
551,7.0.0.69,49160,1.0.0.2,9,215.001,218.274,3.273,1779.98,1779.98,1779.98,10.5506,0.995009,0,100,889,889,728232,728232
553,7.0.0.145,49158,1.0.0.2,9,215.02,218.278,3.2575,1888.84,1799.69,1799.69,18.8446,1.87177,2.49004,97.51,1004,979,769112,732812
555,7.0.0.5,49161,1.0.0.2,9,218.332,223.276,4.944,1184.18,1184.18,1184.18,12.8107,1.09581,0,100,958,958,731820,731820
557,7.0.0.34,49156,1.0.0.2,9,218.39,223.531,5.14096,1197.88,1141.39,1141.39,9.26237,1.83281,2.44858,97.5514,1021,996,769780,733480
559,7.0.0.117,49161,1.0.0.2,9,218.396,223.274,4.87846,1201.96,1201.96,1201.96,14.4839,1.35059,0,100,980,980,732964,732964
560,7.0.0.145,49159,1.0.0.2,9,218.396,223.276,4.88,1212.54,1198.26,1198.26,13.357,1.37255,0.63358,99.3664,947,941,739648,730936
563,7.0.0.27,49163,1.0.0.2,9,218.439,223.274,4.83546,1212.65,1212.65,1212.65,24.3835,1.16881,0,100,980,980,732964,732964
565,7.0.0.73,49160,1.0.0.2,9,218.455,223.274,4.81946,1216.67,1216.67,1216.67,21.7336,1.28289,0,100,980,980,732964,732964
567,7.0.0.5,49162,1.0.0.2,9,223.335,228.276,4.941,1186.75,1186.75,1186.75,11.5933,1.23256,0,100,980,980,732964,732964
568,7.0.0.11,49158,1.0.0.2,9,223.336,228.274,4.9385,1446.08,1187.35,1187.35,37.0088,1.88582,10.0917,89.9083,1090,980,892684,732964
570,7.0.0.27,49164,1.0.0.2,9,223.341,228.276,4.935,1188.19,1188.19,1188.19,10.8662,1.2859,0,100,980,980,732964,732964
573,7.0.0.48,49153,1.0.0.2,9,223.395,228.274,4.8795,1201.7,1201.7,1201.7,27.2859,1.50018,0,100,980,980,732964,732964
575,7.0.0.138,49158,1.0.0.2,9,223.429,228.274,4.8455,1210.14,1210.14,1210.14,16.2548,1.47575,0,100,980,980,732964,732964
576,7.0.0.113,49154,1.0.0.2,9,223.429,229.001,5.572,1104.98,1052.86,1052.86,13.6402,2.61473,2.45821,97.5418,1017,992,769620,733320
579,7.0.0.65,49158,1.0.0.2,9,228.283,0,0,0,0,0,0,0,100,0,3,0,164,0
580,7.0.0.135,49157,1.0.0.2,9,228.359,233.274,4.9155,1346.26,1192.66,1192.66,23.8089,2.54287,6.22605,93.7739,1044,979,827192,732812
581,7.0.0.81,49160,1.0.0.2,9,228.36,233.276,4.91596,1218.78,1192.79,1192.79,19.0915,1.60131,1.10999,98.89,991,980,748936,732964
584,7.0.0.131,49157,1.0.0.2,9,228.427,233.274,4.8475,1209.64,1209.64,1209.64,34.2251,1.64526,0,100,980,980,732964,732964
586,7.0.0.10,49157,1.0.0.2,9,228.436,233.274,4.8385,1241.21,1210,1210,59.8502,2.10391,1.33607,98.6639,973,960,750700,731824
588,7.0.0.117,49162,1.0.0.2,9,228.461,233.274,4.8135,1218.18,1218.18,1218.18,34.4626,1.65226,0,100,980,980,732964,732964
590,7.0.0.5,49163,1.0.0.2,9,233.282,238.276,4.994,1171.15,1171.15,1171.15,11.8297,1.11816,0,100,944,944,731092,731092
592,7.0.0.139,49155,1.0.0.2,9,233.315,237.294,3.979,1410.36,1308.18,1308.18,21.628,1.72718,4.1866,95.8134,836,801,701476,650656
593,7.0.0.45,49161,1.0.0.2,9,233.328,238.274,4.9465,1185.43,1185.43,1185.43,28.8168,1.44067,0,100,980,980,732964,732964
596,7.0.0.82,49157,1.0.0.2,9,233.348,238.274,4.9265,1194.62,1189.9,1189.9,17.1219,1.5927,0.204499,99.7955,978,976,735660,732756
598,7.0.0.135,49158,1.0.0.2,9,233.359,238.276,4.917,1189.32,1189.32,1189.32,10.0681,1.12098,0,100,942,942,730988,730988
600,7.0.0.27,49165,1.0.0.2,9,233.422,238.274,4.8525,1207.28,1207.28,1207.28,29.7375,1.41544,0,100,967,967,732288,732288
602,7.0.0.3,49156,1.0.0.2,9,238.341,247.024,8.6835,756.388,674.788,674.788,21.1091,4.95169,5.89942,94.1006,1034,973,821012,732440
604,7.0.0.63,49158,1.0.0.2,9,238.376,243.274,4.8985,1197.04,1197.04,1197.04,29.25,1.27072,0,100,980,980,732964,732964
606,7.0.0.27,49166,1.0.0.2,9,238.384,243.276,4.892,1197.61,1197.61,1197.61,10.4938,1.05215,0,100,968,968,732340,732340
608,7.0.0.52,49161,1.0.0.2,9,238.393,243.274,4.8815,1201.21,1201.21,1201.21,16.1879,1.4302,0,100,980,980,732964,732964
610,7.0.0.34,49157,1.0.0.2,9,238.457,245.466,7.0095,918.178,836.976,836.976,11.2316,1.93792,4.7025,95.2975,1042,993,804496,733348
612,7.0.0.117,49163,1.0.0.2,9,238.465,243.274,4.8095,1219.19,1219.19,1219.19,28.1124,1.27582,0,100,980,980,732964,732964
614,7.0.0.136,49157,1.0.0.2,9,243.369,248.276,4.907,1193.61,1193.61,1193.61,12.7275,1.23026,0,100,964,964,732132,732132
615,7.0.0.52,49162,1.0.0.2,9,243.381,248.276,4.895,1197.64,1197.64,1197.64,11.3443,1.19269,0,100,977,977,732808,732808
618,7.0.0.83,49153,1.0.0.2,9,243.402,244.195,0.792998,106.008,16.3027,16.3027,15.1121,5.1844,84.6535,15.3465,202,31,10508,1616
620,7.0.0.59,49159,1.0.0.2,9,243.422,245.848,2.426,170.051,78.5491,78.5491,11.3716,2.17382,21.843,78.157,586,458,51568,23820
621,7.0.0.82,49158,1.0.0.2,9,243.423,248.274,4.8515,1222.75,1208.38,1208.38,11.1184,1.39628,0.610376,99.3896,983,977,741520,732808
624,7.0.0.135,49159,1.0.0.2,9,243.438,248.274,4.8365,1212.3,1212.3,1212.3,17.0972,1.02295,0,100,979,979,732912,732912
626,7.0.0.69,49161,1.0.0.2,9,248.292,252.515,4.223,1370.59,1370.59,1370.59,10.1583,0.812904,0,100,798,798,723500,723500
628,7.0.0.131,49158,1.0.0.2,9,248.312,252.513,4.201,1395.5,1395.5,1395.5,37.5514,1.51926,0,100,979,979,732812,732812
629,7.0.0.10,49158,1.0.0.2,9,248.315,252.516,4.201,1428.68,1395.5,1395.5,7.73189,1.57669,1.2109,98.7891,991,979,750236,732812
632,7.0.0.117,49164,1.0.0.2,9,248.356,252.513,4.157,1410.27,1410.27,1410.27,37.2232,1.53349,0,100,979,979,732812,732812
634,7.0.0.13,49162,1.0.0.2,9,248.394,252.513,4.119,1516.35,1423.28,1423.28,26.5757,1.68151,3.26087,96.7391,1012,979,780728,732812
635,7.0.0.73,49161,1.0.0.2,9,248.397,252.513,4.116,1424.42,1424.42,1424.42,27.5455,1.51542,0,100,980,980,732864,732864
638,7.0.0.108,49156,1.0.0.2,9,252.559,0,0,0,0,0,0,0,100,0,3,0,164,0
639,7.0.0.45,49162,1.0.0.2,9,252.57,257.527,4.957,1167.73,1167.73,1167.73,11.1785,0.860552,0,100,799,799,723552,723552
641,7.0.0.149,49163,1.0.0.2,9,252.635,257.528,4.8925,1198.6,1198.6,1198.6,26.9598,1.26577,0,100,981,981,733016,733016
642,7.0.0.135,49160,1.0.0.2,9,252.637,257.514,4.877,1202.32,1202.32,1202.32,24.7371,1.09464,0,100,980,980,732964,732964
645,7.0.0.34,49158,1.0.0.2,9,252.656,257.528,4.8715,1203.59,1203.59,1203.59,26.8789,1.27592,0,100,979,979,732912,732912
647,7.0.0.139,49156,1.0.0.2,9,252.694,257.513,4.81853,1293.88,1216.74,1216.74,8.86444,1.94189,3.16206,96.8379,1012,980,779328,732864
649,7.0.0.51,49157,1.0.0.2,9,257.558,262.514,4.95603,1239.55,1176.27,1176.27,27.3801,1.9988,2.91262,97.0874,927,900,767908,728704
651,7.0.0.98,49155,1.0.0.2,9,257.568,0,0,0,0,0,0,0,100,0,3,0,164,0
652,7.0.0.48,49154,1.0.0.2,9,257.595,262.513,4.9175,1192.42,1192.42,1192.42,22.7475,1.33177,0,100,980,980,732964,732964
654,7.0.0.136,49158,1.0.0.2,9,257.64,262.513,4.8725,1303.56,1203.43,1203.43,17.0724,1.67122,4.10959,95.8904,1022,980,793948,732964
656,7.0.0.27,49167,1.0.0.2,9,257.675,262.513,4.8375,1210.5,1210.5,1210.5,22.6529,1.19338,0,100,961,961,731976,731976
658,7.0.0.135,49161,1.0.0.2,9,257.692,262.514,4.82203,1213.85,1209.04,1209.04,12.6977,1.18586,0.221976,99.778,901,899,731656,728752
660,7.0.0.34,49159,1.0.0.2,9,262.525,267.514,4.98903,1175.07,1175.07,1175.07,11.7629,1.21842,0,100,977,977,732808,732808
661,7.0.0.8,49160,1.0.0.2,9,262.531,267.514,4.98303,1176.49,1176.49,1176.49,12.1042,1.23079,0,100,977,977,732808,732808
664,7.0.0.144,49159,1.0.0.2,9,262.612,267.513,4.90053,1234.47,1196.55,1196.55,51.3007,1.90452,1.60643,98.3936,996,980,756196,732964
666,7.0.0.3,49157,1.0.0.2,9,262.637,269.602,6.9645,891.328,831.284,831.284,12.2049,2.6478,4.27553,95.7245,842,806,775956,723684
668,7.0.0.69,49162,1.0.0.2,9,262.657,267.513,4.85553,1207.64,1207.64,1207.64,35.842,1.65925,0,100,980,980,732964,732964
670,7.0.0.5,49164,1.0.0.2,9,262.696,267.513,4.81653,1254.36,1215.77,1215.77,23.8205,1.75085,1.63767,98.3623,977,961,755208,731976
672,7.0.0.9,49159,1.0.0.2,9,267.539,272.514,4.97503,1163.49,1163.49,1163.49,10.6897,0.856121,0,100,799,799,723552,723552
674,7.0.0.73,49162,1.0.0.2,9,267.57,272.513,4.94253,1186.38,1186.38,1186.38,18.8691,1.44112,0,100,980,980,732964,732964
676,7.0.0.81,49161,1.0.0.2,9,267.648,272.513,4.86453,1205.49,1205.49,1205.49,22.6508,1.56794,0,100,981,981,733016,733016
678,7.0.0.27,49168,1.0.0.2,9,267.677,272.513,4.83553,1212.63,1212.63,1212.63,18.8599,1.45934,0,100,980,980,732964,732964
679,7.0.0.65,49159,1.0.0.2,9,267.68,0,0,0,0,0,0,0,100,0,3,0,164,0
681,7.0.0.132,49164,1.0.0.2,9,267.692,272.513,4.82053,1216.49,1216.49,1216.49,22.5578,1.5205,0,100,981,981,733016,733016
683,7.0.0.59,49160,1.0.0.2,9,272.582,0,0,0,0,0,0,0,100,0,3,0,164,0
684,7.0.0.132,49165,1.0.0.2,9,272.585,277.514,4.92903,1186.84,1186.84,1186.84,11.5767,1.17826,0,100,947,947,731248,731248
686,7.0.0.136,49159,1.0.0.2,9,272.638,277.513,4.87453,1202.93,1202.93,1202.93,28.1681,1.53278,0,100,980,980,732964,732964
687,7.0.0.10,49159,1.0.0.2,9,272.638,277.513,4.87453,1232.29,1201.31,1201.31,33.6107,1.50846,1.3347,98.6653,974,961,750852,731976
688,7.0.0.131,49159,1.0.0.2,9,272.642,277.513,4.87053,1203.92,1203.92,1203.92,28.4481,1.56011,0,100,980,980,732964,732964
692,7.0.0.73,49163,1.0.0.2,9,272.651,277.514,4.86303,1202.86,1202.86,1202.86,10.6043,1.13792,0,100,946,946,731196,731196
694,7.0.0.150,49160,1.0.0.2,9,277.54,281.17,3.63003,1614.76,1614.76,1614.76,11.0058,1.18757,0,100,975,975,732704,732704
695,7.0.0.131,49160,1.0.0.2,9,277.542,281.172,3.6295,1615.11,1615.11,1615.11,11.7806,1.21128,0,100,976,976,732756,732756
698,7.0.0.27,49169,1.0.0.2,9,277.589,281.17,3.58103,1637.1,1637.1,1637.1,35.223,1.3754,0,100,979,979,732812,732812
700,7.0.0.142,49158,1.0.0.2,9,277.626,281.173,3.547,1652.92,1652.92,1652.92,15.0273,1.37816,0,100,980,980,732864,732864
702,7.0.0.63,49159,1.0.0.2,9,277.64,281.17,3.53003,1660.75,1660.75,1660.75,36.7994,1.39901,0,100,979,979,732812,732812
704,7.0.0.117,49165,1.0.0.2,9,277.684,281.17,3.48603,1681.83,1681.83,1681.83,26.2789,1.29967,0,100,980,980,732864,732864
706,7.0.0.66,49160,1.0.0.2,9,281.172,0,0,0,0,0,0,0,100,0,3,0,164,0
707,7.0.0.131,49161,1.0.0.2,9,281.182,286.172,4.99,1160.09,1160.09,1160.09,10.9201,0.835386,0,100,800,800,723604,723604
709,7.0.0.132,49166,1.0.0.2,9,281.217,286.172,4.955,1183.39,1183.39,1183.39,27.8365,1.5272,0,100,980,980,732964,732964
711,7.0.0.82,49159,1.0.0.2,9,281.284,286.185,4.9015,1194.7,1194.7,1194.7,19.4852,1.438,0,100,961,961,731976,731976
713,7.0.0.88,49160,1.0.0.2,9,281.305,286.185,4.8805,1201.54,1201.54,1201.54,27.791,1.5212,0,100,981,981,733016,733016
715,7.0.0.40,49158,1.0.0.2,9,281.343,0,0,0,0,0,0,0,100,0,3,0,164,0
716,7.0.0.131,49162,1.0.0.2,9,286.186,290.008,3.822,1532.24,1532.24,1532.24,11.8033,1.17751,0,100,962,962,732028,732028
718,7.0.0.34,49160,1.0.0.2,9,286.211,290.01,3.7995,1561.31,1542.97,1542.97,8.66756,1.36076,0.609137,99.3909,985,979,741524,732812
719,7.0.0.132,49167,1.0.0.2,9,286.224,290.008,3.784,1547.52,1547.52,1547.52,10.6936,1.16702,0,100,961,961,731976,731976
722,7.0.0.45,49163,1.0.0.2,9,286.264,290.006,3.7425,1566.58,1566.58,1566.58,26.9883,1.37866,0,100,980,980,732864,732864
723,7.0.0.63,49160,1.0.0.2,9,286.281,290.006,3.7255,1573.61,1573.61,1573.61,16.7139,1.13836,0,100,979,979,732812,732812
726,7.0.0.136,49160,1.0.0.2,9,286.342,290.006,3.6645,1599.81,1599.81,1599.81,25.8935,1.44076,0,100,979,979,732812,732812
728,7.0.0.147,49153,1.0.0.2,9,290.036,295.008,4.972,1224.62,1166.21,1166.21,50.6332,2.0608,3.03767,96.9623,823,798,761100,724800
730,7.0.0.27,49170,1.0.0.2,9,290.059,295.008,4.949,1183.15,1183.15,1183.15,29.3616,1.37604,0,100,960,960,731924,731924
732,7.0.0.48,49155,1.0.0.2,9,290.085,295.006,4.9215,1255.26,1191.53,1191.53,21.6227,1.78768,2.67857,97.3214,1008,981,772220,733016
734,7.0.0.117,49166,1.0.0.2,9,290.139,295.008,4.869,1204.3,1204.3,1204.3,19.9064,1.46181,0,100,980,980,732964,732964
736,7.0.0.26,49155,1.0.0.2,9,290.158,0,0,0,0,0,0,0,100,0,3,0,164,0
737,7.0.0.64,49153,1.0.0.2,9,290.167,295.006,4.8395,1199.95,1199.95,1199.95,18.8787,0.952786,0,100,841,841,725896,725896
739,7.0.0.81,49162,1.0.0.2,9,295.014,300.008,4.994,1168.65,1168.65,1168.65,11.286,1.13539,0,100,914,914,729532,729532
741,7.0.0.2,49154,1.0.0.2,9,295.094,0,0,0,0,0,0,0,100,0,3,0,164,0
742,7.0.0.139,49157,1.0.0.2,9,295.13,300.006,4.8765,1226.68,1198.1,1198.1,38.6602,1.63537,1.27253,98.7275,943,931,747740,730316
743,7.0.0.117,49167,1.0.0.2,9,295.136,300.008,4.872,1197.75,1197.75,1197.75,11.6472,1.12421,0,100,912,912,729428,729428
744,7.0.0.142,49159,1.0.0.2,9,295.138,300.008,4.87,1204.05,1204.05,1204.05,26.9729,1.20465,0,100,980,980,732964,732964
748,7.0.0.84,49158,1.0.0.2,9,295.199,300.006,4.8075,1218.49,1218.49,1218.49,17.33,1.20318,0,100,966,966,732236,732236
750,7.0.0.13,49163,1.0.0.2,9,300.004,304.017,4.01346,1675.19,1461.01,1461.01,32.0577,2.43864,7.02087,92.9791,1054,980,840412,732964
751,7.0.0.88,49161,1.0.0.2,9,300.008,304.019,4.01096,1461.92,1461.92,1461.92,12.3838,1.22391,0,100,980,980,732964,732964
754,7.0.0.72,49163,1.0.0.2,9,300.073,304.017,3.94446,1486.26,1486.26,1486.26,15.7599,1.42173,0,100,979,979,732812,732812
756,7.0.0.48,49156,1.0.0.2,9,300.114,304.017,3.90346,1501.87,1501.87,1501.87,25.7559,1.26813,0,100,979,979,732812,732812
758,7.0.0.27,49171,1.0.0.2,9,300.12,304.017,3.89746,1504.29,1504.29,1504.29,26.438,1.27214,0,100,980,980,732864,732864
760,7.0.0.24,49159,1.0.0.2,9,300.14,304.02,3.8805,1593.29,1509.47,1509.47,34.0702,1.93145,2.81407,97.1859,995,967,772844,732188
762,7.0.0.63,49161,1.0.0.2,9,304.029,307.517,3.48796,1659.54,1659.54,1659.54,9.8028,0.797545,0,100,799,799,723552,723552
764,7.0.0.28,49163,1.0.0.2,9,304.108,307.519,3.4115,1718.45,1718.45,1718.45,28.0162,1.60699,0,100,979,979,732812,732812
765,7.0.0.142,49160,1.0.0.2,9,304.111,307.519,3.408,1720.22,1720.22,1720.22,24.597,1.62442,0,100,979,979,732812,732812
767,7.0.0.3,49158,1.0.0.2,9,304.115,307.515,3.40046,1730.86,1724.03,1724.03,19.86,1.18855,0.203874,99.7961,981,979,735716,732812
770,7.0.0.43,49158,1.0.0.2,9,304.142,307.519,3.377,1736.01,1736.01,1736.01,24.8841,1.65323,0,100,979,979,732812,732812
772,7.0.0.149,49164,1.0.0.2,9,304.15,307.519,3.3695,1739.99,1739.99,1739.99,27.7956,1.58439,0,100,980,980,732864,732864
774,7.0.0.123,49153,1.0.0.2,9,307.521,312.517,4.99596,1158.7,1158.7,1158.7,11.7167,0.853037,0,100,800,800,723604,723604
776,7.0.0.88,49162,1.0.0.2,9,307.592,312.517,4.92496,1190.61,1190.61,1190.61,20.1835,0.976724,0,100,980,980,732964,732964
778,7.0.0.15,49153,1.0.0.2,9,307.608,311.583,3.975,495.368,436.818,436.818,9.95824,2.83027,3.27613,96.7239,641,620,246136,217044
780,7.0.0.2,49155,1.0.0.2,9,307.64,0,0,0,0,0,0,0,100,0,3,0,164,0
781,7.0.0.11,49159,1.0.0.2,9,307.654,312.515,4.8615,1265.64,1205.9,1205.9,12.5153,2.20895,2.49004,97.51,1004,979,769112,732812
782,7.0.0.10,49160,1.0.0.2,9,307.667,312.519,4.852,1239.64,1208.51,1208.51,11.7241,2.12013,1.30916,98.6908,993,980,751840,732964
785,7.0.0.131,49163,1.0.0.2,9,312.536,315.957,3.4215,1691.78,1691.78,1691.78,11.1888,0.83014,0,100,799,799,723552,723552
787,7.0.0.84,49159,1.0.0.2,9,312.58,315.982,3.4025,1723,1723,1723,37.601,1.5465,0,100,979,979,732812,732812
789,7.0.0.48,49157,1.0.0.2,9,312.599,315.981,3.38246,1733.2,1733.2,1733.2,39.1797,1.54234,0,100,979,979,732812,732812
791,7.0.0.51,49158,1.0.0.2,9,312.64,315.958,3.3185,1766.74,1766.74,1766.74,15.8144,0.930134,0,100,980,980,732864,732864
793,7.0.0.72,49164,1.0.0.2,9,312.652,315.981,3.32946,1760.79,1760.79,1760.79,39.0265,1.55725,0,100,979,979,732812,732812
795,7.0.0.45,49164,1.0.0.2,9,312.705,315.982,3.2775,1788.71,1788.71,1788.71,37.5658,1.60307,0,100,979,979,732812,732812
797,7.0.0.117,49168,1.0.0.2,9,315.957,320.958,5.001,1172.51,1172.51,1172.51,18.9047,1.02478,0,100,980,980,732964,732964
798,7.0.0.9,49160,1.0.0.2,9,315.967,320.958,4.991,1174.77,1174.77,1174.77,15.5123,1.59135,0,100,979,979,732912,732912
801,7.0.0.84,49160,1.0.0.2,9,316.041,320.958,4.917,1192.45,1192.45,1192.45,14.9744,1.68112,0,100,979,979,732912,732912
803,7.0.0.69,49163,1.0.0.2,9,316.064,320.958,4.894,1182.76,1182.76,1182.76,16.0271,1.49718,0,100,799,799,723552,723552
805,7.0.0.62,49161,1.0.0.2,9,316.13,0,0,0,0,0,0,0,100,0,3,0,164,0
806,7.0.0.131,49164,1.0.0.2,9,316.145,320.958,4.813,1218.31,1218.31,1218.31,15.1253,1.69794,0,100,980,980,732964,732964
808,7.0.0.27,49172,1.0.0.2,9,320.964,324.501,3.53646,1655.13,1655.13,1655.13,13.3529,1.51676,0,100,955,955,731664,731664
810,7.0.0.84,49161,1.0.0.2,9,321.005,324.501,3.49546,1677.52,1677.52,1677.52,11.7315,1.45988,0,100,980,980,732964,732964
812,7.0.0.63,49162,1.0.0.2,9,321.035,324.501,3.46546,1689.53,1689.53,1689.53,28.7285,1.28048,0,100,961,961,731876,731876
814,7.0.0.145,49160,1.0.0.2,9,321.078,324.505,3.4265,1710.93,1710.93,1710.93,14.5541,1.40723,0,100,979,979,732812,732812
816,7.0.0.5,49165,1.0.0.2,9,321.1,324.505,3.4045,1721.99,1721.99,1721.99,14.5579,1.39856,0,100,979,979,732812,732812
818,7.0.0.117,49169,1.0.0.2,9,321.129,324.501,3.37146,1735.02,1735.02,1735.02,13.0974,1.47797,0,100,946,946,731196,731196
820,7.0.0.45,49165,1.0.0.2,9,324.535,328.134,3.59896,1625.23,1625.23,1625.23,12.046,1.09745,0,100,945,945,731144,731144
822,7.0.0.144,49160,1.0.0.2,9,324.576,328.133,3.5565,1648.04,1648.04,1648.04,18.0571,1.2516,0,100,976,976,732656,732656
824,7.0.0.84,49162,1.0.0.2,9,324.602,328.134,3.53196,1655.95,1655.95,1655.95,9.74376,1.10906,0,100,944,944,731092,731092
826,7.0.0.131,49165,1.0.0.2,9,324.607,328.133,3.5255,1662.89,1662.89,1662.89,32.7507,1.41698,0,100,979,979,732812,732812
828,7.0.0.43,49159,1.0.0.2,9,324.66,328.137,3.4765,1706.37,1686.32,1686.32,28.6601,1.51148,0.609137,99.3909,985,979,741524,732812
830,7.0.0.132,49168,1.0.0.2,9,324.676,328.133,3.4565,1696.08,1696.08,1696.08,32.6545,1.42922,0,100,979,979,732812,732812
832,7.0.0.9,49161,1.0.0.2,9,328.158,333.134,4.976,1173.63,1173.63,1173.63,11.7899,1.04853,0,100,923,923,730000,730000
834,7.0.0.136,49161,1.0.0.2,9,328.211,333.133,4.9215,1229.3,1191.53,1191.53,9.17913,1.37946,1.60481,98.3952,997,981,756248,733016
836,7.0.0.34,49161,1.0.0.2,9,328.25,333.133,4.8825,1200.97,1200.97,1200.97,18.4139,0.966881,0,100,980,980,732964,732964
837,7.0.0.131,49166,1.0.0.2,9,328.254,333.134,4.88,1196.47,1196.47,1196.47,10.1578,1.12417,0,100,920,920,729844,729844
840,7.0.0.135,49162,1.0.0.2,9,328.285,333.133,4.8475,1209.72,1209.72,1209.72,23.9354,1.07602,0,100,981,981,733016,733016
841,7.0.0.10,49161,1.0.0.2,9,328.289,332.478,4.18846,600.468,528.362,528.362,11.3121,3.17561,3.77907,96.2209,688,662,314380,276628
844,7.0.0.72,49165,1.0.0.2,9,333.139,338.134,4.995,1213.28,1169.09,1169.09,28.6227,1.6522,2.01485,97.9852,943,924,757540,729952
846,7.0.0.149,49165,1.0.0.2,9,333.166,338.133,4.96646,1179.15,1179.15,1179.15,26.4763,1.44595,0,100,962,962,732028,732028
848,7.0.0.59,49161,1.0.0.2,9,333.191,0,0,0,0,0,0,0,100,0,3,0,164,0
849,7.0.0.135,49163,1.0.0.2,9,333.229,338.134,4.905,1190.79,1190.79,1190.79,11.312,1.21284,0,100,925,925,730104,730104
851,7.0.0.145,49161,1.0.0.2,9,333.253,338.133,4.87946,1306.12,1201.37,1201.37,20.0192,1.74324,4.31373,95.6863,1020,976,796644,732756
852,7.0.0.28,49164,1.0.0.2,9,333.264,338.133,4.86846,1204.51,1204.51,1204.51,24.9461,1.5902,0,100,981,981,733016,733016
855,7.0.0.82,49160,1.0.0.2,9,338.18,342.096,3.916,1562.22,1496.96,1496.96,35.6562,2.13125,2.2,97.8,1000,978,764704,732760
856,7.0.0.11,49160,1.0.0.2,9,338.181,342.095,3.9135,1584.1,1498.02,1498.02,24.1779,2.38795,2.87698,97.123,1008,979,774920,732812
857,7.0.0.73,49164,1.0.0.2,9,338.183,342.095,3.9115,1510.98,1499.1,1499.1,40.6449,1.74435,0.406504,99.5935,984,980,738772,732964
861,7.0.0.52,49163,1.0.0.2,9,338.241,342.099,3.85746,1519.89,1519.89,1519.89,12.8707,1.33927,0,100,980,980,732864,732864
862,7.0.0.145,49162,1.0.0.2,9,338.248,342.095,3.8465,1524.43,1524.43,1524.43,14.9913,1.60784,0,100,980,980,732964,732964
865,7.0.0.13,49164,1.0.0.2,9,338.292,342.099,3.80646,1540.14,1540.14,1540.14,12.8973,1.34677,0,100,979,979,732812,732812
867,7.0.0.34,49162,1.0.0.2,9,342.09,346.379,4.289,1366.96,1366.96,1366.96,11.8806,1.27057,0,100,978,978,732860,732860
868,7.0.0.27,49173,1.0.0.2,9,342.104,346.379,4.275,1371.14,1371.14,1371.14,11.9128,1.23921,0,100,975,975,732704,732704
870,7.0.0.142,49161,1.0.0.2,9,342.113,346.378,4.2645,1375.01,1375.01,1375.01,28.5164,1.49589,0,100,980,980,732964,732964
873,7.0.0.45,49166,1.0.0.2,9,342.141,346.378,4.2365,1383.81,1383.81,1383.81,23.4122,1.22834,0,100,979,979,732812,732812
875,7.0.0.81,49163,1.0.0.2,9,342.222,346.378,4.1555,1411.07,1411.07,1411.07,28.5601,1.46222,0,100,980,980,732964,732964
876,7.0.0.3,49159,1.0.0.2,9,342.223,346.381,4.15796,1502.14,1409.84,1409.84,17.7708,1.79083,3.35968,96.6403,1012,978,780728,732760
879,7.0.0.135,49164,1.0.0.2,9,346.373,351.379,5.00603,1174.85,1156.29,1156.29,9.79125,1.3865,0.991326,99.0087,807,799,735168,723552
880,7.0.0.69,49164,1.0.0.2,9,346.392,351.379,4.98703,1175.79,1175.79,1175.79,28.9621,1.54134,0,100,980,980,732964,732964
883,7.0.0.95,49161,1.0.0.2,9,346.464,351.379,4.91503,1193.02,1193.02,1193.02,28.8648,1.48778,0,100,980,980,732964,732964
885,7.0.0.63,49163,1.0.0.2,9,346.507,351.378,4.87053,1203.92,1203.92,1203.92,31.4114,1.39054,0,100,980,980,732964,732964
887,7.0.0.9,49162,1.0.0.2,9,346.545,351.378,4.83253,1213.3,1213.3,1213.3,31.4851,1.51017,0,100,979,979,732912,732912
888,7.0.0.62,49162,1.0.0.2,9,346.56,0,0,0,0,0,0,0,100,0,3,0,164,0
890,7.0.0.144,49161,1.0.0.2,9,351.41,356.378,4.96753,1275.44,1179.57,1179.57,25.8368,3.04274,4.05539,95.9446,1011,970,791976,732444
892,7.0.0.69,49165,1.0.0.2,9,351.436,356.379,4.943,1186.27,1186.27,1186.27,13.1433,1.5348,0,100,980,980,732964,732964
894,7.0.0.117,49170,1.0.0.2,9,351.441,356.378,4.93653,1187.82,1187.82,1187.82,14.8332,1.38291,0,100,980,980,732964,732964
896,7.0.0.140,49157,1.0.0.2,9,351.475,356.378,4.90253,1196.06,1196.06,1196.06,14.8002,1.39553,0,100,980,980,732964,732964
898,7.0.0.9,49163,1.0.0.2,9,351.486,356.379,4.893,1195.67,1195.67,1195.67,14.5938,1.5089,0,100,948,948,731300,731300
900,7.0.0.65,49160,1.0.0.2,9,351.522,0,0,0,0,0,0,0,100,0,3,0,164,0
901,7.0.0.131,49167,1.0.0.2,9,356.382,360.283,3.90103,1502.26,1502.26,1502.26,13.2122,1.40166,0,100,972,972,732548,732548
903,7.0.0.144,49162,1.0.0.2,9,356.401,360.283,3.88203,1510.47,1510.47,1510.47,11.6285,1.48173,0,100,980,980,732964,732964
905,7.0.0.73,49165,1.0.0.2,9,356.413,360.283,3.87003,1514.95,1514.95,1514.95,14.7505,1.49335,0,100,980,980,732864,732864
907,7.0.0.13,49165,1.0.0.2,9,356.443,361.379,4.93603,1209.63,1186.09,1186.09,23.912,1.94589,1.03093,98.9691,970,960,746344,731824
908,7.0.0.9,49164,1.0.0.2,9,356.461,360.283,3.82203,1530.38,1530.38,1530.38,12.6782,1.57061,0,100,945,945,731144,731144
911,7.0.0.113,49155,1.0.0.2,9,356.555,361.379,4.82403,1224.73,1215.1,1215.1,19.4848,1.87047,0.407747,99.5923,981,977,738516,732708
913,7.0.0.63,49164,1.0.0.2,9,360.289,365.298,5.00946,1155.58,1155.58,1155.58,12.574,0.85359,0,100,800,800,723604,723604
914,7.0.0.59,49162,1.0.0.2,9,360.307,0,0,0,0,0,0,0,100,0,3,0,164,0
916,7.0.0.2,49156,1.0.0.2,9,360.409,0,0,0,0,0,0,0,100,0,3,0,164,0
917,7.0.0.150,49161,1.0.0.2,9,360.418,365.285,4.867,1204.79,1204.79,1204.79,29.798,1.5814,0,100,980,980,732964,732964
918,7.0.0.81,49164,1.0.0.2,9,360.426,365.285,4.859,1206.77,1206.77,1206.77,29.6739,1.62503,0,100,980,980,732964,732964
921,7.0.0.8,49161,1.0.0.2,9,360.459,365.298,4.83946,1209.93,1209.93,1209.93,28.2021,1.55822,0,100,960,960,731924,731924
923,7.0.0.117,49171,1.0.0.2,9,365.302,370.285,4.983,1176.74,1176.74,1176.74,10.7782,1.15122,0,100,980,980,732964,732964
924,7.0.0.73,49166,1.0.0.2,9,365.309,370.283,4.9745,1177.75,1177.75,1177.75,24.3631,1.12781,0,100,968,968,732340,732340
925,7.0.0.135,49165,1.0.0.2,9,365.311,370.285,4.974,1216.24,1178.87,1178.87,15.5235,1.46016,1.60643,98.3936,996,980,756196,732964
929,7.0.0.131,49168,1.0.0.2,9,365.337,370.283,4.9465,1185.43,1185.43,1185.43,12.811,1.25556,0,100,980,980,732964,732964
930,7.0.0.139,49158,1.0.0.2,9,365.343,367.684,2.341,43.0176,25.2474,25.2474,5.38401,1.20986,41.3223,58.6777,242,142,12588,7388
931,7.0.0.136,49162,1.0.0.2,9,365.346,370.283,4.9375,1241.11,1187,1187,14.277,2.38803,2.30461,97.6954,998,975,766000,732604
935,7.0.0.13,49166,1.0.0.2,9,370.351,374.226,3.8755,1617.58,1515.67,1515.67,28.1537,1.6914,3.35968,96.6403,1012,978,783616,734248
936,7.0.0.132,49169,1.0.0.2,9,370.365,374.219,3.8545,1521.27,1521.27,1521.27,16.522,1.34819,0,100,980,980,732964,732964
937,7.0.0.9,49165,1.0.0.2,9,370.366,374.219,3.8535,1520.8,1520.8,1520.8,16.6218,1.51707,0,100,972,972,732548,732548
941,7.0.0.27,49174,1.0.0.2,9,370.389,374.223,3.8345,1528.88,1528.88,1528.88,12.771,1.29422,0,100,979,979,732812,732812
943,7.0.0.72,49166,1.0.0.2,9,370.406,374.223,3.8175,1535.8,1535.8,1535.8,12.7824,1.27942,0,100,980,980,732864,732864
945,7.0.0.117,49172,1.0.0.2,9,370.444,374.219,3.7755,1553.1,1553.1,1553.1,13.8922,1.57621,0,100,980,980,732964,732964
947,7.0.0.40,49159,1.0.0.2,9,374.252,0,0,0,0,0,0,0,100,0,3,0,164,0
948,7.0.0.117,49173,1.0.0.2,9,374.26,379.221,4.961,1166.78,1166.78,1166.78,10.601,0.839121,0,100,799,799,723552,723552
950,7.0.0.81,49165,1.0.0.2,9,374.333,379.221,4.888,1197.66,1197.66,1197.66,23.1664,1.14165,0,100,957,957,731768,731768
951,7.0.0.111,49154,1.0.0.2,9,374.349,379.219,4.87053,1242.08,1203.83,1203.83,10.7538,1.97615,1.70683,98.2932,996,979,756196,732912
953,7.0.0.131,49169,1.0.0.2,9,374.358,379.221,4.863,1205.78,1205.78,1205.78,25.9662,1.23757,0,100,980,980,732964,732964
956,7.0.0.78,49153,1.0.0.2,9,374.387,375.26,0.873496,169.104,80.9986,80.9986,6.93378,2.05661,52.1127,47.8873,355,170,18464,8844
958,7.0.0.62,49163,1.0.0.2,9,379.291,0,0,0,0,0,0,0,100,0,3,0,164,0
959,7.0.0.150,49162,1.0.0.2,9,379.295,384.221,4.92603,1190.1,1190.1,1190.1,12.0737,1.24348,0,100,977,977,732808,732808
961,7.0.0.131,49170,1.0.0.2,9,379.306,384.221,4.91503,1192.76,1192.76,1192.76,12.1169,1.25363,0,100,977,977,732808,732808
963,7.0.0.45,49167,1.0.0.2,9,379.313,384.219,4.9065,1195.09,1195.09,1195.09,34.4988,1.71904,0,100,980,980,732964,732964
965,7.0.0.144,49163,1.0.0.2,9,379.349,384.221,4.87203,1255.75,1203.3,1203.3,48.1674,1.94332,2.1978,97.8022,1001,979,764756,732812
967,7.0.0.27,49175,1.0.0.2,9,379.365,384.219,4.8545,1206.35,1206.35,1206.35,41.6368,1.6716,0,100,962,962,732028,732028
969,7.0.0.131,49171,1.0.0.2,9,384.229,387.805,3.576,1618.69,1618.69,1618.69,9.92678,0.81062,0,100,799,799,723552,723552
971,7.0.0.52,49164,1.0.0.2,9,384.334,387.803,3.46903,1690.07,1690.07,1690.07,32.4031,1.29435,0,100,980,980,732864,732864
973,7.0.0.48,49158,1.0.0.2,9,384.349,387.803,3.45403,1697.29,1697.29,1697.29,25.7885,1.45028,0,100,979,979,732812,732812
974,7.0.0.13,49167,1.0.0.2,9,384.353,387.803,3.45003,1699.38,1699.38,1699.38,16.3604,0.83906,0,100,980,980,732864,732864
975,7.0.0.84,49163,1.0.0.2,9,384.354,387.803,3.44903,1699.75,1699.75,1699.75,26.801,1.54269,0,100,979,979,732812,732812
977,7.0.0.34,49163,1.0.0.2,9,384.356,387.806,3.45053,1800.13,1699.13,1699.13,38.6428,1.84289,2.9703,97.0297,1010,980,776424,732864
981,7.0.0.144,49164,1.0.0.2,9,387.838,391.586,3.7475,1560.11,1544.61,1544.61,12.8928,1.35745,0.621891,99.3781,804,799,730812,723552
983,7.0.0.27,49176,1.0.0.2,9,387.876,391.597,3.72053,1575.6,1575.6,1575.6,25.061,1.49146,0,100,978,978,732760,732760
985,7.0.0.8,49162,1.0.0.2,9,387.898,391.584,3.68603,1590.57,1590.57,1590.57,16.6142,0.752222,0,100,980,980,732864,732864
987,7.0.0.117,49174,1.0.0.2,9,387.905,391.584,3.67903,1593.49,1593.49,1593.49,32.0612,1.15633,0,100,979,979,732812,732812
989,7.0.0.145,49163,1.0.0.2,9,387.954,391.597,3.64253,1609.34,1609.34,1609.34,23.3693,1.35292,0,100,978,978,732760,732760
990,7.0.0.45,49168,1.0.0.2,9,387.956,391.597,3.64053,1610.34,1610.34,1610.34,24.3184,1.38695,0,100,979,979,732812,732812
993,7.0.0.144,49165,1.0.0.2,9,391.636,396.586,4.95003,1176.49,1169.45,1169.45,16.3587,1.04722,0.373599,99.6264,803,800,727960,723604
995,7.0.0.40,49160,1.0.0.2,9,391.72,0,0,0,0,0,0,0,100,0,3,0,164,0
996,7.0.0.65,49161,1.0.0.2,9,391.724,0,0,0,0,0,0,0,100,0,3,0,164,0
997,7.0.0.126,49155,1.0.0.2,9,391.744,396.586,4.84203,1252.38,1209.2,1209.2,41.0692,1.61139,1.84237,98.1576,977,959,758008,731872
998,7.0.0.103,49156,1.0.0.2,9,391.748,396.586,4.83803,1212,1212,1212,25.0536,1.28238,0,100,980,980,732964,732964
1001,7.0.0.72,49167,1.0.0.2,9,391.764,396.584,4.82053,1228.45,1216.4,1216.4,9.2759,1.63882,0.507614,99.4924,985,980,740224,732964
1003,7.0.0.3,49160,1.0.0.2,9,396.611,401.587,4.97603,1330.2,1173.79,1173.79,28.7574,2.46443,6.75403,93.246,992,925,827388,730104
1005,7.0.0.139,49159,1.0.0.2,9,396.71,0,0,0,0,0,0,0,100,0,3,0,164,0
1006,7.0.0.144,49166,1.0.0.2,9,396.717,401.586,4.86903,1199.42,1199.42,1199.42,11.1065,0.991434,0,100,923,923,730000,730000
1008,7.0.0.140,49158,1.0.0.2,9,396.726,401.584,4.85853,1206.89,1206.89,1206.89,25.3085,1.48376,0,100,980,980,732964,732964
1009,7.0.0.52,49165,1.0.0.2,9,396.729,401.584,4.85553,1205.92,1205.92,1205.92,19.1505,1.46137,0,100,960,960,731924,731924
1012,7.0.0.135,49166,1.0.0.2,9,396.752,401.584,4.83253,1254.33,1215.87,1215.87,18.2204,1.69173,1.60321,98.3968,998,982,757700,734468
1014,7.0.0.73,49167,1.0.0.2,9,401.603,405.261,3.6585,1601.29,1601.29,1601.29,12.4256,1.32342,0,100,967,967,732288,732288
1016,7.0.0.52,49166,1.0.0.2,9,401.633,405.261,3.6285,1616.02,1616.02,1616.02,11.8833,1.4319,0,100,980,980,732964,732964
1018,7.0.0.5,49166,1.0.0.2,9,401.648,405.261,3.6135,1620.2,1620.2,1620.2,26.7094,1.34616,0,100,960,960,731824,731824
1020,7.0.0.88,49163,1.0.0.2,9,401.668,405.266,3.59853,1629.14,1629.14,1629.14,14.7717,1.43709,0,100,979,979,732812,732812
1022,7.0.0.144,49167,1.0.0.2,9,401.69,405.261,3.5715,1641.69,1641.69,1641.69,11.6141,1.4114,0,100,979,979,732912,732912
1024,7.0.0.84,49164,1.0.0.2,9,401.704,405.266,3.56253,1645.71,1645.71,1645.71,14.6991,1.44179,0,100,980,980,732864,732864
1026,7.0.0.52,49167,1.0.0.2,9,405.293,410.263,4.97,1164.5,1164.5,1164.5,10.1318,0.821137,0,100,797,797,723448,723448
1028,7.0.0.13,49168,1.0.0.2,9,405.304,410.261,4.95746,1241.05,1182.48,1182.48,11.6302,2.18031,2.49252,97.5075,1003,978,769060,732760
1030,7.0.0.138,49159,1.0.0.2,9,405.35,410.263,4.913,1193.51,1193.51,1193.51,23.8208,1.65867,0,100,980,980,732964,732964
1032,7.0.0.8,49163,1.0.0.2,9,405.367,410.263,4.896,1197.65,1197.65,1197.65,28.8559,1.44425,0,100,980,980,732964,732964
1033,7.0.0.62,49164,1.0.0.2,9,405.367,0,0,0,0,0,0,0,100,0,3,0,164,0
1035,7.0.0.135,49167,1.0.0.2,9,405.416,410.261,4.84546,1255.69,1210.15,1210.15,31.4457,1.97783,1.9019,98.0981,999,980,760552,732964
1037,7.0.0.145,49164,1.0.0.2,9,410.301,415.263,4.962,1166.63,1166.63,1166.63,10.7552,0.836612,0,100,800,800,723604,723604
1039,7.0.0.84,49165,1.0.0.2,9,410.35,415.261,4.9115,1198.6,1193.87,1193.87,25.765,1.50022,0.203666,99.7963,982,980,735868,732964
1041,7.0.0.132,49170,1.0.0.2,9,410.374,415.263,4.889,1199.45,1199.45,1199.45,26.734,1.33097,0,100,981,981,733016,733016
1042,7.0.0.103,49157,1.0.0.2,9,410.388,415.261,4.8735,1260.47,1203.27,1203.27,14.0681,1.79247,2.38806,97.6119,1005,981,767864,733016
1043,7.0.0.98,49156,1.0.0.2,9,410.39,0,0,0,0,0,0,0,100,0,3,0,164,0
1046,7.0.0.82,49161,1.0.0.2,9,410.411,415.261,4.8505,1208.72,1208.72,1208.72,21.9288,1.38578,0,100,978,978,732860,732860
1048,7.0.0.84,49166,1.0.0.2,9,415.257,420.276,5.0195,1153.19,1153.19,1153.19,12.1759,0.853582,0,100,799,799,723552,723552
1050,7.0.0.117,49175,1.0.0.2,9,415.399,420.264,4.865,1205.29,1205.29,1205.29,30.7906,1.54895,0,100,980,980,732964,732964
1052,7.0.0.48,49159,1.0.0.2,9,415.419,420.264,4.845,1210.26,1210.26,1210.26,27.1452,1.38219,0,100,980,980,732964,732964
1054,7.0.0.69,49166,1.0.0.2,9,415.429,420.264,4.835,1212.76,1212.76,1212.76,29.1747,1.33731,0,100,980,980,732964,732964
1056,7.0.0.108,49157,1.0.0.2,9,415.451,0,0,0,0,0,0,0,100,0,3,0,164,0
1057,7.0.0.136,49163,1.0.0.2,9,415.456,420.264,4.808,1250.98,1219.57,1219.57,41.6868,1.59824,1.30916,98.6908,993,980,751840,732964
1059,7.0.0.73,49168,1.0.0.2,9,420.269,424.886,4.6175,1253.58,1253.58,1253.58,11.0793,0.824805,0,100,799,799,723552,723552
1061,7.0.0.131,49172,1.0.0.2,9,420.324,424.885,4.561,1285.71,1285.71,1285.71,32.3952,1.3925,0,100,981,981,733016,733016
1063,7.0.0.52,49168,1.0.0.2,9,420.331,424.885,4.554,1287.6,1287.6,1287.6,32.146,1.39788,0,100,980,980,732964,732964
1065,7.0.0.72,49168,1.0.0.2,9,420.392,424.888,4.4965,1332.21,1303.79,1303.79,11.9754,1.44676,1.11111,98.8889,990,979,748784,732812
1066,7.0.0.10,49162,1.0.0.2,9,420.392,424.885,4.493,1305.08,1305.08,1305.08,18.2326,1.18896,0,100,980,980,732964,732964
1068,7.0.0.13,49169,1.0.0.2,9,420.449,424.885,4.436,1410.88,1321.85,1321.85,35.8222,1.53718,3.35306,96.6469,1014,980,782332,732964
1071,7.0.0.13,49170,1.0.0.2,9,424.938,429.886,4.94796,1395.23,1169.86,1169.86,11.6888,1.55847,10.7263,89.2737,895,799,862944,723552
1073,7.0.0.8,49164,1.0.0.2,9,425.002,429.9,4.8975,1195.76,1195.76,1195.76,24.6128,1.17621,0,100,962,962,732028,732028
1075,7.0.0.11,49161,1.0.0.2,9,425.04,429.886,4.84596,1208.9,1208.56,1208.56,23.4072,1.50285,0.41365,99.5863,967,963,732288,732080
1077,7.0.0.40,49161,1.0.0.2,9,425.063,0,0,0,0,0,0,0,100,0,3,0,164,0
1078,7.0.0.5,49167,1.0.0.2,9,425.073,429.9,4.8265,1214.9,1214.9,1214.9,18.3741,1.11844,0,100,980,980,732964,732964
1079,7.0.0.66,49161,1.0.0.2,9,425.075,0,0,0,0,0,0,0,100,0,3,0,164,0
1081,7.0.0.3,49161,1.0.0.2,9,429.951,434.9,4.9485,1169.65,1169.65,1169.65,12.8764,0.941599,0,100,798,798,723500,723500
1082,7.0.0.66,49162,1.0.0.2,9,429.956,0,0,0,0,0,0,0,100,0,3,0,164,0
1084,7.0.0.136,49164,1.0.0.2,9,429.979,434.886,4.907,1211.03,1194.46,1194.46,7.97323,1.19622,0.713558,99.2864,981,974,742816,732652
1086,7.0.0.117,49176,1.0.0.2,9,430.003,434.886,4.883,1200.84,1200.84,1200.84,23.195,1.1236,0,100,980,980,732964,732964
1088,7.0.0.108,49158,1.0.0.2,9,430.011,0,0,0,0,0,0,0,100,0,3,0,164,0
1089,7.0.0.45,49169,1.0.0.2,9,430.04,434.9,4.8595,1205.19,1205.19,1205.19,20.1079,1.0835,0,100,963,963,732080,732080
1091,7.0.0.95,49162,1.0.0.2,9,434.924,436.822,1.8975,2574.28,1931.28,1931.28,14.7915,1.40545,11.8834,88.1166,892,786,610588,458076
1092,7.0.0.135,49168,1.0.0.2,9,434.925,439.886,4.961,1186.14,1181.46,1181.46,22.776,1.38845,0.204918,99.7951,976,974,735556,732652
1095,7.0.0.62,49165,1.0.0.2,9,434.958,0,0,0,0,0,0,0,100,0,3,0,164,0
1096,7.0.0.63,49165,1.0.0.2,9,435.013,439.885,4.87146,1203.6,1203.6,1203.6,13.0409,1.30142,0,100,979,979,732912,732912
1098,7.0.0.3,49162,1.0.0.2,9,435.058,439.887,4.829,1287.37,1212.8,1212.8,15.5669,2.00415,3.20579,96.7942,967,936,777088,732076
1100,7.0.0.132,49171,1.0.0.2,9,435.07,439.885,4.81446,1217.94,1217.94,1217.94,13.2721,1.3383,0,100,980,980,732964,732964
1102,7.0.0.117,49177,1.0.0.2,9,439.937,444.886,4.949,1184.49,1184.49,1184.49,22.2801,1.29409,0,100,976,976,732756,732756
1103,7.0.0.51,49159,1.0.0.2,9,439.955,444.885,4.92946,1220.16,1189.52,1189.52,8.21618,1.07936,1.30916,98.6908,993,980,751840,732964
1105,7.0.0.98,49157,1.0.0.2,9,439.966,0,0,0,0,0,0,0,100,0,3,0,164,0
1107,7.0.0.63,49166,1.0.0.2,9,440.017,444.886,4.869,1204.3,1204.3,1204.3,15.4521,1.32586,0,100,980,980,732964,732964
1109,7.0.0.135,49169,1.0.0.2,9,440.03,444.885,4.85446,1251.06,1207.99,1207.99,16.335,1.51382,1.8018,98.1982,999,981,759152,733016
1111,7.0.0.132,49172,1.0.0.2,9,440.043,444.885,4.84146,1211.15,1211.15,1211.15,13.6688,1.2076,0,100,980,980,732964,732964
1113,7.0.0.51,49160,1.0.0.2,9,444.893,448.52,3.627,1763.28,1612.76,1612.76,33.0253,2.27709,4.73313,95.2669,993,946,799428,731184
1115,7.0.0.132,49173,1.0.0.2,9,444.956,448.512,3.5555,1644.87,1644.87,1644.87,9.18706,1.02937,0,100,943,943,731040,731040
1117,7.0.0.43,49160,1.0.0.2,9,444.99,448.51,3.51996,1665.5,1665.5,1665.5,26.3019,1.39208,0,100,979,979,732812,732812
1119,7.0.0.34,49164,1.0.0.2,9,445.039,448.514,3.4745,1687.17,1687.17,1687.17,25.9966,1.29706,0,100,978,978,732760,732760
1120,7.0.0.149,49166,1.0.0.2,9,445.052,448.514,3.4615,1693.63,1693.63,1693.63,26.0479,1.34266,0,100,979,979,732812,732812
1121,7.0.0.45,49170,1.0.0.2,9,445.056,448.51,3.45396,1697.45,1697.45,1697.45,26.1444,1.29531,0,100,980,980,732864,732864
1125,7.0.0.103,49158,1.0.0.2,9,448.553,453.512,4.95896,1167.35,1167.35,1167.35,12.1399,0.850447,0,100,800,800,723604,723604
1126,7.0.0.65,49162,1.0.0.2,9,448.561,0,0,0,0,0,0,0,100,0,3,0,164,0
1128,7.0.0.135,49170,1.0.0.2,9,448.593,453.51,4.91746,1206.68,1192.51,1192.51,8.53542,1.38177,0.607903,99.3921,987,981,741728,733016
1130,7.0.0.11,49162,1.0.0.2,9,448.609,452.653,4.04451,618.763,535.474,535.474,14.169,2.85901,4.23358,95.7664,685,656,312824,270716
1131,7.0.0.63,49167,1.0.0.2,9,448.613,453.51,4.89746,1197.3,1197.3,1197.3,21.4753,0.965974,0,100,980,980,732964,732964
1134,7.0.0.126,49156,1.0.0.2,9,448.641,453.512,4.87096,1203.81,1203.81,1203.81,21.7454,1.01186,0,100,980,980,732964,732964
1136,7.0.0.131,49173,1.0.0.2,9,453.506,458.512,5.006,1170.76,1170.76,1170.76,12.2732,1.2184,0,100,973,973,732600,732600
1138,7.0.0.88,49164,1.0.0.2,9,453.521,458.512,4.991,1174.02,1174.02,1174.02,11.3744,1.19958,0,100,970,970,732444,732444
1140,7.0.0.145,49165,1.0.0.2,9,453.573,458.51,4.93746,1187.26,1187.26,1187.26,32.0148,1.53319,0,100,976,976,732756,732756
1142,7.0.0.13,49171,1.0.0.2,9,453.617,458.51,4.89346,1196.74,1196.74,1196.74,32.7768,1.51644,0,100,962,962,732028,732028
1144,7.0.0.95,49163,1.0.0.2,9,453.655,0,0,0,0,0,0,0,100,0,3,0,164,0
1145,7.0.0.27,49177,1.0.0.2,9,453.684,458.51,4.82646,1215,1215,1215,31.6212,1.56784,0,100,981,981,733016,733016
1147,7.0.0.34,49165,1.0.0.2,9,458.508,460.888,2.38,2617.4,2431.94,2431.94,28.554,1.3508,4.54545,95.4545,836,798,778676,723500
1149,7.0.0.150,49163,1.0.0.2,9,458.555,462.936,4.3815,1338.19,1338.19,1338.19,33.1377,1.32093,0,100,979,979,732912,732912
1150,7.0.0.117,49178,1.0.0.2,9,458.571,462.933,4.36246,1344.13,1344.13,1344.13,30.4375,1.23812,0,100,980,980,732964,732964
1153,7.0.0.63,49168,1.0.0.2,9,458.595,462.266,3.6715,1597.09,1597.09,1597.09,16.2586,0.925099,0,100,980,980,732964,732964
1155,7.0.0.28,49165,1.0.0.2,9,458.657,462.936,4.2795,1370.09,1370.09,1370.09,33.257,1.35202,0,100,979,979,732912,732912
1157,7.0.0.136,49165,1.0.0.2,9,458.7,462.437,3.7375,1621.29,1568.45,1568.45,13.8738,1.81586,1.70854,98.2915,995,978,757444,732760
